headline_sentiment_comp,headline_sentiment_pos,headline_sentiment_neu,headline_sentiment_neg,headline_sentiment_but,text_sentiment_comp,text_sentiment_pos,text_sentiment_neu,text_sentiment_neg,text_sentiment_but
0.25,0.184,0.684,0.132,0,0.527,0.07,0.863,0.067,4
-0.599,0,0.692,0.308,0,-0.987,0.054,0.766,0.18,2
0.727,0.433,0.567,0,0,-0.789,0.073,0.854,0.073,8
-0.691,0,0.612,0.388,0,-1,0.051,0.779,0.169,4
0.226,0.235,0.523,0.242,0,0.998,0.104,0.854,0.042,8
-0.836,0,0.473,0.527,0,-0.996,0.115,0.726,0.16,2
-0.599,0,0.738,0.262,0,-1,0.06,0.84,0.1,6
-0.625,0,0.661,0.339,0,-0.996,0.076,0.798,0.126,3
0,0,1,0,0,-0.872,0.081,0.835,0.085,0
0.128,0.158,0.842,0,0,0.997,0.112,0.832,0.056,4
-0.273,0.22,0.472,0.307,0,-0.999,0.064,0.817,0.119,8
-0.103,0.337,0.288,0.375,0,-1,0.071,0.769,0.16,10
-0.875,0,0.438,0.562,0,-0.999,0.067,0.724,0.208,3
-0.67,0,0.71,0.29,0,-0.999,0.022,0.854,0.124,0
0,0,1,0,0,0.813,0.095,0.818,0.088,2
-0.296,0,0.833,0.167,0,-0.996,0.076,0.76,0.164,3
-0.296,0,0.784,0.216,0,0.722,0.066,0.869,0.066,2
-0.813,0,0.486,0.514,0,-0.997,0.065,0.808,0.128,0
-0.796,0.087,0.492,0.421,0,-0.993,0.062,0.824,0.114,2
0,0,1,0,0,-0.99,0.077,0.814,0.109,1
0.572,0.481,0.519,0,0,1,0.206,0.752,0.042,3
-0.077,0.309,0.369,0.323,0,0.99,0.131,0.764,0.105,2
-0.318,0,0.813,0.187,0,-0.984,0.082,0.809,0.109,3
-0.599,0,0.719,0.281,0,0.984,0.067,0.881,0.053,3
0.296,0.239,0.761,0,0,-0.872,0.05,0.866,0.084,0
-0.649,0,0.699,0.301,0,-1,0.03,0.778,0.193,0
-0.402,0,0.654,0.346,0,-0.998,0.056,0.842,0.103,8
-0.542,0,0.72,0.28,0,-0.979,0.043,0.881,0.076,1
0.637,0.344,0.656,0,0,0.665,0.051,0.901,0.048,3
-0.296,0,0.804,0.196,0,0.691,0.077,0.853,0.07,3
-0.178,0.135,0.677,0.188,0,0.999,0.146,0.783,0.071,4
0,0,1,0,0,0.999,0.13,0.824,0.046,10
-0.202,0,0.833,0.167,0,0.925,0.08,0.851,0.068,3
-0.382,0.146,0.625,0.229,0,-0.944,0.044,0.898,0.057,1
0,0,1,0,0,-0.995,0.071,0.832,0.097,5
0,0,1,0,0,-0.996,0.059,0.812,0.129,2
0.026,0.155,0.845,0,0,-0.786,0.094,0.815,0.091,5
-0.421,0,0.781,0.219,0,-0.998,0.044,0.868,0.088,4
0.44,0.195,0.805,0,0,0.999,0.152,0.805,0.044,9
-0.527,0,0.714,0.286,0,0.026,0.025,0.953,0.022,0
0.572,0.27,0.73,0,0,0.999,0.174,0.767,0.059,7
-0.25,0.215,0.443,0.342,0,-0.998,0.062,0.816,0.123,3
0.202,0.13,0.87,0,0,-0.981,0.054,0.87,0.075,1
0.25,0.304,0.49,0.206,0,-0.977,0.055,0.844,0.101,1
0.382,0.271,0.729,0,0,0.973,0.106,0.83,0.064,1
-0.34,0,0.821,0.179,0,-0.997,0.045,0.82,0.135,4
-0.743,0,0.526,0.474,0,-0.999,0.041,0.862,0.097,5
-0.743,0,0.559,0.441,0,-0.987,0.091,0.793,0.116,4
-0.848,0,0.523,0.477,0,-0.976,0.059,0.836,0.106,1
0,0,1,0,0,0.997,0.112,0.846,0.042,2
0.25,0.273,0.727,0,0,-0.992,0.066,0.841,0.093,4
-0.818,0,0.545,0.455,0,-0.999,0.062,0.748,0.19,4
0,0,1,0,0,0.997,0.094,0.854,0.052,3
-0.599,0,0.588,0.412,0,0.437,0.087,0.832,0.082,2
0,0,1,0,0,0.99,0.112,0.798,0.09,5
0,0,1,0,0,0.994,0.062,0.901,0.036,2
-0.25,0,0.778,0.222,0,-1,0.042,0.814,0.144,7
0,0,1,0,0,0.987,0.088,0.872,0.039,1
0.44,0.244,0.756,0,0,-0.992,0.08,0.797,0.123,4
-0.44,0.157,0.566,0.277,0,-0.988,0.094,0.773,0.133,3
-0.796,0,0.496,0.504,0,-0.998,0.067,0.811,0.122,7
-0.477,0,0.78,0.22,0,-0.984,0.036,0.893,0.071,1
0,0,1,0,0,-0.992,0.083,0.81,0.108,2
-0.34,0,0.789,0.211,0,0.98,0.098,0.853,0.048,2
0,0,1,0,0,0.991,0.065,0.902,0.033,4
0,0,1,0,0,-0.996,0.058,0.833,0.109,3
-0.026,0,0.901,0.099,0,-0.991,0.081,0.792,0.127,5
-0.34,0.211,0.469,0.32,0,0.879,0.08,0.86,0.06,0
-0.103,0,0.887,0.113,0,-0.994,0.075,0.819,0.106,5
-0.44,0,0.805,0.195,0,-0.997,0.067,0.789,0.143,4
0,0,1,0,0,-0.995,0.062,0.812,0.126,4
0,0,1,0,0,0.995,0.096,0.849,0.055,7
0.318,0.301,0.559,0.14,0,-0.996,0.081,0.806,0.113,0
-0.625,0,0.594,0.406,0,-0.493,0.086,0.825,0.089,7
0.482,0.258,0.742,0,0,0.994,0.141,0.759,0.099,9
-0.318,0,0.867,0.133,0,-0.991,0.057,0.832,0.11,3
0,0,1,0,0,-0.999,0.054,0.818,0.127,3
0,0,1,0,0,-0.988,0.042,0.879,0.079,2
-0.772,0,0.51,0.49,0,-1,0.056,0.779,0.165,1
0,0,1,0,0,0.984,0.098,0.832,0.07,5
-0.128,0.174,0.621,0.205,0,0.995,0.112,0.808,0.081,4
0,0,1,0,0,-0.991,0.085,0.8,0.116,1
0,0.233,0.533,0.233,0,-0.126,0.089,0.821,0.091,0
-0.691,0,0.598,0.402,0,-1,0.033,0.833,0.134,6
-0.44,0,0.734,0.266,0,-0.99,0.081,0.821,0.099,6
-0.052,0,0.893,0.107,0,0.983,0.097,0.827,0.077,4
-0.542,0,0.759,0.241,0,-0.997,0.041,0.852,0.107,3
-0.402,0,0.769,0.231,0,-0.986,0.046,0.845,0.109,0
0.402,0.213,0.787,0,0,0.994,0.121,0.848,0.031,3
-0.34,0,0.844,0.156,0,-0.807,0.08,0.834,0.086,6
0,0,1,0,0,-0.957,0.065,0.835,0.099,4
0.67,0.314,0.686,0,0,-1,0.068,0.752,0.18,3
0.58,0.322,0.678,0,0,0.996,0.106,0.855,0.039,3
0,0.212,0.577,0.212,0,0.991,0.128,0.813,0.059,0
-0.421,0,0.741,0.259,0,-0.996,0.038,0.893,0.068,4
-0.382,0,0.809,0.191,0,-0.988,0.072,0.812,0.116,10
-0.743,0,0.559,0.441,0,-0.991,0.054,0.838,0.109,2
-0.103,0,0.833,0.167,0,-0.999,0.04,0.842,0.118,7
0,0,1,0,0,-0.418,0.082,0.841,0.077,3
-0.852,0,0.492,0.508,0,-0.998,0.051,0.838,0.111,4
0,0,1,0,0,-0.998,0.097,0.783,0.12,8
-0.202,0.211,0.461,0.329,0,-0.999,0.053,0.853,0.094,6
0.586,0.324,0.676,0,0,0.997,0.073,0.893,0.034,5
-0.743,0,0.559,0.441,0,-0.999,0.045,0.791,0.164,0
-0.751,0.133,0.234,0.633,0,-0.967,0.049,0.879,0.072,1
-0.361,0,0.737,0.263,0,-0.997,0.065,0.747,0.188,2
-0.202,0,0.87,0.13,0,-0.998,0.062,0.788,0.149,5
-0.7,0,0.674,0.326,0,-0.999,0.055,0.817,0.128,6
-0.71,0,0.629,0.371,0,-1,0.071,0.753,0.176,8
0,0,1,0,0,-0.978,0.036,0.897,0.066,2
0.361,0.238,0.762,0,0,-0.93,0.086,0.817,0.097,1
-0.818,0,0.571,0.429,0,-0.889,0.11,0.776,0.114,7
-0.382,0,0.755,0.245,0,-0.973,0.101,0.777,0.122,3
-0.557,0,0.66,0.34,0,0.975,0.098,0.828,0.074,0
-0.44,0,0.756,0.244,0,0.999,0.122,0.82,0.058,4
0,0,1,0,0,-0.993,0.084,0.803,0.112,4
0,0,1,0,0,0.995,0.103,0.826,0.071,7
-0.296,0,0.784,0.216,0,-0.182,0.057,0.868,0.074,3
-0.925,0,0.374,0.626,0,-0.999,0.048,0.834,0.117,6
-0.691,0,0.584,0.416,0,0.969,0.104,0.806,0.09,1
-0.459,0.152,0.506,0.342,0,-0.981,0.09,0.781,0.13,1
0,0,1,0,0,0.537,0.054,0.907,0.039,1
-0.778,0,0.541,0.459,0,-0.984,0.072,0.84,0.088,3
0.459,0.214,0.786,0,0,0.998,0.096,0.885,0.018,4
-0.599,0,0.719,0.281,0,-0.996,0.047,0.863,0.091,4
0,0,1,0,0,0.926,0.098,0.824,0.077,4
-0.743,0,0.674,0.326,0,0.735,0.048,0.911,0.041,5
0,0,1,0,1,0.985,0.07,0.882,0.048,10
-0.226,0,0.826,0.174,0,-0.999,0.08,0.753,0.167,5
-0.361,0,0.632,0.368,0,-0.989,0.049,0.831,0.12,1
0.494,0.225,0.775,0,0,0.994,0.083,0.895,0.021,2
-0.361,0,0.783,0.217,0,-0.166,0.071,0.855,0.074,4
0.421,0.203,0.797,0,0,0.999,0.16,0.816,0.025,3
0,0,1,0,0,0.978,0.073,0.869,0.058,6
-0.361,0,0.737,0.263,0,-0.999,0.095,0.765,0.141,3
0.296,0.216,0.784,0,0,-0.997,0.057,0.781,0.162,3
0.686,0.371,0.534,0.095,1,0.996,0.11,0.816,0.074,3
-0.586,0,0.612,0.388,0,-0.999,0.046,0.85,0.103,3
-0.421,0,0.641,0.359,0,-0.999,0.032,0.883,0.085,2
0.421,0.237,0.763,0,0,-0.999,0.083,0.791,0.125,5
-0.718,0.099,0.494,0.407,0,-0.998,0.066,0.806,0.128,5
0,0,1,0,0,0.948,0.056,0.9,0.044,8
-0.84,0,0.4,0.6,0,-0.939,0.062,0.869,0.07,4
0.153,0.161,0.726,0.113,0,-0.982,0.098,0.79,0.112,3
-0.612,0,0.615,0.385,0,-0.998,0.049,0.813,0.138,4
0,0,1,0,0,0.999,0.154,0.798,0.048,4
0.511,0.248,0.752,0,0,0.266,0.048,0.913,0.039,1
-0.7,0,0.696,0.304,0,0.914,0.066,0.882,0.052,4
0.077,0.14,0.86,0,0,0.999,0.171,0.779,0.05,6
-0.778,0,0.541,0.459,0,-0.999,0.076,0.783,0.141,3
0.34,0.194,0.806,0,0,-0.999,0.069,0.803,0.128,11
0,0,1,0,0,-0.997,0.094,0.801,0.105,14
0,0,1,0,0,-0.975,0.051,0.876,0.073,3
-0.273,0,0.826,0.174,0,0.897,0.083,0.885,0.032,2
-0.361,0,0.706,0.294,0,-0.987,0.064,0.836,0.1,3
-0.296,0,0.694,0.306,0,-0.995,0.047,0.863,0.09,5
-0.44,0,0.734,0.266,0,-0.7,0.068,0.856,0.077,2
-0.637,0,0.606,0.394,0,-0.998,0.041,0.824,0.135,2
-0.494,0,0.704,0.296,0,-0.998,0.08,0.787,0.133,5
0,0,1,0,0,0.91,0.061,0.914,0.024,1
-0.625,0,0.709,0.291,0,-0.999,0.062,0.794,0.144,2
0,0,1,0,0,0.936,0.092,0.838,0.07,5
-0.649,0,0.699,0.301,0,-0.997,0.05,0.794,0.157,1
0.572,0.252,0.748,0,0,0.897,0.078,0.845,0.077,7
-0.649,0,0.531,0.469,0,-0.891,0.064,0.852,0.084,0
0,0,1,0,0,-0.992,0.036,0.877,0.087,1
0,0,1,0,0,-0.981,0.04,0.886,0.074,2
0.527,0.386,0.614,0,0,-0.965,0.081,0.805,0.113,3
-0.361,0,0.828,0.172,0,-0.968,0.049,0.888,0.063,0
-0.735,0,0.492,0.508,0,-0.998,0.095,0.778,0.127,9
-0.296,0,0.732,0.268,0,0.991,0.087,0.856,0.057,8
-0.527,0,0.673,0.327,0,-0.807,0.064,0.861,0.075,4
-0.527,0,0.726,0.274,0,0.896,0.073,0.864,0.063,3
0.026,0.184,0.64,0.176,0,-0.988,0.061,0.814,0.125,2
-0.477,0,0.659,0.341,0,-0.991,0.035,0.879,0.086,2
-0.382,0,0.794,0.206,0,0.998,0.132,0.81,0.057,3
-0.226,0,0.826,0.174,0,-0.992,0.073,0.826,0.101,5
-0.226,0.241,0.451,0.308,0,0.967,0.088,0.836,0.076,4
-0.612,0.064,0.64,0.297,0,0.987,0.084,0.854,0.062,3
-0.226,0.157,0.629,0.214,0,-0.996,0.027,0.886,0.087,2
0,0,1,0,0,0.96,0.058,0.902,0.04,6
-0.889,0.149,0.255,0.596,0,-0.998,0.081,0.806,0.113,8
0.273,0.149,0.851,0,0,-0.953,0.063,0.863,0.073,4
0,0,1,0,1,-0.998,0.065,0.805,0.13,5
0.402,0.231,0.769,0,0,0.999,0.161,0.791,0.048,0
-0.7,0,0.676,0.324,0,-0.955,0.088,0.809,0.103,3
0.153,0.271,0.508,0.22,0,0,0,1,0,0
-0.735,0,0.53,0.47,0,0,0,1,0,0
-0.758,0.152,0.364,0.485,0,0,0,1,0,0
0.494,0.242,0.758,0,0,0,0,1,0,0
0,0,1,0,0,0,0,1,0,0
-0.477,0.206,0.387,0.406,0,0,0,1,0,0
0,0,1,0,0,0,0,1,0,0
-0.477,0,0.693,0.307,0,0,0,1,0,0
0,0,1,0,0,0,0,1,0,0
-0.772,0,0.544,0.456,0,0,0,1,0,0
-0.813,0,0.448,0.552,0,0,0,1,0,0
-0.226,0,0.787,0.213,0,0,0,1,0,0
-0.71,0,0.629,0.371,0,0,0,1,0,0
-0.649,0,0.531,0.469,0,0,0,1,0,0
0,0,1,0,0,0,0,1,0,0
-0.71,0,0.604,0.396,0,0,0,1,0,0
-0.153,0,0.849,0.151,0,-0.93,0.057,0.863,0.08,3
-0.542,0,0.759,0.241,0,-0.999,0.06,0.768,0.171,1
-0.382,0,0.755,0.245,0,-0.735,0.05,0.898,0.052,1
0.732,0.381,0.619,0,0,0.993,0.115,0.803,0.082,2
-0.557,0,0.685,0.315,0,-0.929,0.093,0.803,0.104,4
-0.178,0,0.866,0.134,0,0.997,0.096,0.857,0.047,4
-0.625,0,0.579,0.421,0,-0.996,0.025,0.866,0.109,5
0,0,1,0,0,0.998,0.115,0.839,0.046,3
0.351,0.197,0.803,0,1,0.993,0.126,0.796,0.078,5
-0.296,0,0.694,0.306,0,0.737,0.095,0.824,0.081,2
0,0,1,0,0,-0.83,0.059,0.868,0.073,3
0,0,1,0,0,0.997,0.118,0.817,0.065,4
-0.477,0,0.721,0.279,0,0.969,0.092,0.841,0.067,2
0.554,0.314,0.686,0,0,0.985,0.12,0.791,0.09,3
0.318,0.187,0.813,0,0,-0.904,0.099,0.798,0.103,2
0.402,0.213,0.787,0,0,0.977,0.093,0.85,0.057,2
0,0,1,0,0,0.998,0.108,0.837,0.055,10
0,0,1,0,0,-0.997,0.072,0.816,0.113,1
0,0,1,0,0,-0.313,0.066,0.87,0.064,5
-0.226,0,0.826,0.174,0,-0.999,0.065,0.783,0.152,4
0,0,1,0,0,-0.988,0.085,0.813,0.101,7
0,0,1,0,0,-0.962,0.076,0.834,0.09,4
-0.649,0,0.619,0.381,0,-0.997,0.073,0.768,0.16,5
0.296,0.196,0.804,0,0,-0.985,0.046,0.832,0.122,1
0,0,1,0,1,-0.998,0.09,0.792,0.119,6
-0.691,0,0.584,0.416,0,-0.999,0.049,0.806,0.145,2
-0.832,0,0.585,0.415,0,-0.999,0.045,0.841,0.114,4
0.402,0.331,0.551,0.118,0,-0.999,0.041,0.796,0.162,5
-0.296,0,0.761,0.239,0,-0.988,0.118,0.737,0.144,2
0.026,0.109,0.891,0,0,0.995,0.131,0.863,0.006,3
-0.649,0,0.569,0.431,0,-0.998,0.066,0.854,0.08,20
0.25,0.167,0.833,0,0,-0.99,0.049,0.876,0.075,3
0,0,1,0,0,-0.613,0.076,0.844,0.08,7
0.511,0.216,0.784,0,0,0.999,0.16,0.752,0.089,3
0.477,0.307,0.693,0,0,-0.576,0.076,0.842,0.081,5
0,0,1,0,0,-0.999,0.07,0.789,0.141,10
0.052,0.118,0.882,0,0,0.64,0.083,0.843,0.074,2
-0.477,0.083,0.69,0.228,0,-0.995,0.101,0.764,0.135,1
0,0,1,0,0,0.993,0.084,0.864,0.053,10
-0.382,0,0.776,0.224,0,0.987,0.09,0.849,0.061,4
0.727,0.433,0.567,0,0,-0.929,0.094,0.797,0.109,1
-0.904,0,0.385,0.615,0,-0.996,0.077,0.815,0.108,3
-0.527,0,0.764,0.236,0,-0.888,0.1,0.797,0.103,6
0.026,0.155,0.845,0,0,-0.967,0.083,0.834,0.082,4
0,0,1,0,0,-0.927,0.091,0.811,0.099,4
-0.202,0.16,0.625,0.215,0,-0.998,0.08,0.787,0.132,4
-0.84,0,0.5,0.5,0,0.992,0.085,0.874,0.042,2
0,0,1,0,0,0.987,0.087,0.848,0.065,7
-0.511,0.122,0.569,0.309,0,0.993,0.107,0.823,0.07,1
-0.153,0.151,0.658,0.191,0,0.989,0.065,0.892,0.043,4
0,0,1,0,0,0.934,0.091,0.842,0.067,1
-0.612,0.09,0.522,0.388,0,0.999,0.152,0.81,0.038,3
0.052,0.261,0.543,0.196,0,0.995,0.1,0.845,0.055,1
0.225,0.216,0.63,0.154,0,-0.986,0.095,0.788,0.116,6
-0.459,0,0.769,0.231,0,-0.981,0.11,0.766,0.124,2
0,0,1,0,0,-0.991,0.089,0.807,0.104,3
-0.34,0,0.676,0.324,0,0,0,1,0,0
0.34,0.255,0.745,0,0,0,0,1,0,0
0.637,0.344,0.656,0,0,0,0,1,0,0
0.103,0.201,0.625,0.174,0,-1,0.088,0.748,0.163,1
-0.691,0,0.68,0.32,0,-0.999,0.039,0.74,0.221,3
0,0,1,0,0,0.996,0.101,0.849,0.05,1
0,0,1,0,0,-0.394,0.04,0.92,0.039,1
0,0,1,0,0,0.995,0.098,0.844,0.059,2
0,0,1,0,0,-0.991,0.019,0.94,0.041,2
0,0,1,0,0,-0.946,0.074,0.838,0.089,4
-0.778,0,0.541,0.459,0,-0.99,0.117,0.739,0.144,3
0,0,1,0,0,-0.995,0.025,0.832,0.143,0
0,0,1,0,0,-0.299,0.084,0.829,0.087,4
0.273,0.208,0.792,0,0,0.994,0.099,0.843,0.057,5
0,0,1,0,0,-0.582,0.1,0.8,0.1,5
0,0,1,0,0,0.917,0.051,0.906,0.043,5
-0.586,0,0.625,0.375,0,-0.997,0.071,0.823,0.106,5
0,0,1,0,0,-0.92,0.04,0.879,0.081,1
-0.557,0,0.753,0.247,0,0.993,0.113,0.812,0.075,3
0,0,1,0,0,-0.981,0.077,0.826,0.097,1
-0.459,0,0.667,0.333,0,-0.978,0.052,0.866,0.082,4
-0.128,0.185,0.588,0.227,0,-0.992,0.066,0.845,0.089,6
0,0,1,0,0,-0.625,0.087,0.831,0.082,1
0,0,1,0,0,0.959,0.086,0.854,0.059,2
0,0,1,0,0,0.796,0.058,0.894,0.048,3
0.318,0.187,0.813,0,0,0.836,0.09,0.849,0.061,2
0.361,0.2,0.8,0,0,0.999,0.159,0.762,0.079,6
0.226,0.22,0.63,0.15,0,-0.999,0.094,0.766,0.141,4
0,0,1,0,0,0.996,0.092,0.861,0.047,5
0,0,1,0,0,0.938,0.131,0.749,0.12,2
0.511,0.32,0.68,0,0,0.614,0.089,0.824,0.088,4
0,0,1,0,0,0.994,0.085,0.86,0.055,9
0.572,0.291,0.709,0,0,0.992,0.111,0.851,0.038,2
-0.557,0,0.735,0.265,0,0.975,0.126,0.792,0.082,2
0,0,1,0,0,-0.985,0.07,0.839,0.09,5
-0.686,0,0.586,0.414,0,0.931,0.092,0.83,0.078,4
-0.807,0,0.354,0.646,0,-1,0.048,0.715,0.237,5
0,0,1,0,0,-0.412,0.064,0.874,0.062,1
-0.402,0,0.769,0.231,0,0.998,0.085,0.884,0.031,4
-0.625,0,0.661,0.339,0,-0.914,0.078,0.837,0.086,4
0,0,1,0,0,-0.855,0.095,0.814,0.091,4
0.511,0.248,0.752,0,0,0.97,0.095,0.822,0.083,4
-0.557,0.174,0.449,0.376,0,-0.952,0.057,0.864,0.079,1
0.511,0.231,0.769,0,0,-0.998,0.054,0.862,0.084,6
0.557,0.31,0.69,0,0,-0.721,0.07,0.862,0.069,3
0.44,0.333,0.492,0.175,0,0.957,0.106,0.84,0.053,1
0.402,0.213,0.787,0,0,-0.999,0.071,0.798,0.132,5
0,0,1,0,0,-0.997,0.043,0.861,0.096,2
0,0,1,0,0,0.998,0.101,0.857,0.042,8
-0.649,0,0.699,0.301,0,0.99,0.077,0.856,0.067,11
0.296,0.268,0.732,0,0,0.995,0.13,0.817,0.053,3
0.361,0.294,0.706,0,0,0,0,1,0,0
-0.477,0,0.78,0.22,0,0,0,1,0,0
0.202,0.276,0.517,0.207,0,0,0,1,0,0
0,0,1,0,0,0,0,1,0,0
0,0,1,0,0,0,0,1,0,0
0,0,1,0,0,0,0,1,0,0
0.68,0.383,0.617,0,0,0,0,1,0,0
-0.226,0.17,0.519,0.311,0,0,0,1,0,0
0,0,1,0,0,0,0,1,0,0
0,0,1,0,0,0,0,1,0,0
0,0,1,0,0,0,0,1,0,0
-0.691,0,0.657,0.343,0,-0.984,0.074,0.807,0.119,0
-0.153,0.159,0.647,0.194,0,-0.99,0.053,0.849,0.097,1
0,0,1,0,0,-0.975,0.105,0.787,0.108,6
-0.077,0,0.885,0.115,0,-0.987,0.09,0.808,0.102,10
0,0,1,0,0,-0.996,0.069,0.833,0.098,7
0,0,1,0,0,-0.999,0.079,0.796,0.125,8
-0.769,0,0.575,0.425,0,-0.999,0.076,0.754,0.169,1
0.128,0.158,0.842,0,0,-0.994,0.071,0.818,0.111,2
0,0,1,0,0,0.998,0.136,0.782,0.081,7
-0.791,0,0.533,0.467,0,-0.994,0.064,0.844,0.092,4
0,0,1,0,0,-0.865,0.061,0.871,0.067,2
0.511,0.231,0.769,0,0,0.964,0.091,0.83,0.08,5
0,0,1,0,0,-0.991,0.044,0.882,0.074,2
-0.599,0,0.692,0.308,0,-0.993,0.04,0.866,0.093,4
0,0,1,0,0,0.758,0.068,0.874,0.058,3
-0.557,0,0.625,0.375,0,-0.999,0.086,0.785,0.13,4
0,0,1,0,0,0.995,0.088,0.859,0.053,4
-0.765,0,0.548,0.452,0,-0.991,0.036,0.813,0.151,0
0,0,1,0,0,-0.999,0.029,0.801,0.17,0
-0.477,0,0.78,0.22,0,-0.977,0.069,0.85,0.081,5
-0.44,0,0.756,0.244,0,-0.995,0.051,0.82,0.129,4
0.527,0.327,0.673,0,0,0.998,0.083,0.874,0.043,7
-0.318,0,0.813,0.187,0,1,0.142,0.811,0.047,4
-0.836,0,0.503,0.497,0,-1,0.033,0.86,0.107,5
-0.402,0,0.787,0.213,0,-0.987,0.079,0.803,0.119,3
0,0,1,0,0,0.989,0.108,0.813,0.079,5
0.077,0.252,0.522,0.226,0,0.977,0.061,0.896,0.043,4
-0.296,0,0.804,0.196,0,0.997,0.127,0.793,0.079,3
0.511,0.248,0.752,0,0,0.98,0.085,0.847,0.069,4
0.361,0.217,0.783,0,0,0.998,0.115,0.852,0.033,4
-0.67,0,0.621,0.379,0,-0.975,0.102,0.74,0.158,3
0.052,0.225,0.563,0.211,0,0.938,0.074,0.876,0.051,9
-0.625,0,0.745,0.255,0,-0.999,0.08,0.785,0.134,10
0,0,1,0,0,0,0,1,0,0
0,0,1,0,0,0,0,1,0,0
0,0,1,0,0,-0.942,0.061,0.866,0.073,7
0,0,1,0,0,-0.295,0.067,0.868,0.065,5
0,0,1,0,0,0.087,0.073,0.848,0.078,3
0.875,0.556,0.444,0,0,0.998,0.099,0.874,0.027,2
-0.84,0,0.529,0.471,0,-1,0.045,0.726,0.229,8
0,0,1,0,0,-0.999,0.035,0.833,0.132,2
0.557,0.34,0.66,0,0,0.844,0.052,0.918,0.03,1
-0.727,0,0.621,0.379,0,-0.998,0.059,0.83,0.111,8
0,0,1,0,0,0.957,0.052,0.93,0.018,1
0.493,0.313,0.687,0,0,0.999,0.111,0.861,0.028,4
-0.67,0,0.522,0.478,0,-0.999,0.046,0.824,0.13,2
0,0,1,0,0,0.999,0.112,0.837,0.051,10
-0.459,0,0.769,0.231,0,-0.994,0.029,0.874,0.097,1
-0.382,0,0.794,0.206,0,-0.96,0.052,0.884,0.064,6
-0.103,0.193,0.568,0.239,0,-0.992,0.054,0.849,0.097,2
-0.25,0,0.833,0.167,0,-0.998,0.081,0.738,0.181,3
-0.681,0,0.556,0.444,0,-0.993,0.074,0.831,0.095,4
-0.637,0,0.741,0.259,0,-0.996,0.061,0.836,0.102,5
-0.637,0,0.704,0.296,0,-0.995,0.072,0.784,0.144,0
0,0,1,0,0,-0.999,0.07,0.773,0.156,12
0.494,0.225,0.775,0,0,0.978,0.058,0.894,0.047,6
0.361,0.185,0.815,0,0,0.999,0.127,0.828,0.046,6
-0.226,0,0.787,0.213,0,-0.999,0.066,0.785,0.149,3
-0.361,0.117,0.631,0.252,0,0.924,0.092,0.829,0.079,6
-0.625,0,0.709,0.291,0,-0.993,0.062,0.823,0.115,4
-0.382,0,0.794,0.206,0,-0.982,0.095,0.799,0.106,3
0.67,0.426,0.414,0.16,0,-0.998,0.082,0.779,0.139,3
0,0,1,0,0,-0.999,0.028,0.816,0.156,3
-0.735,0,0.326,0.674,0,-0.998,0.081,0.794,0.125,8
-0.318,0,0.827,0.173,0,-0.995,0.073,0.811,0.117,5
-0.852,0,0.429,0.571,0,-0.999,0.045,0.85,0.105,4
-0.7,0,0.595,0.405,0,0.997,0.132,0.777,0.091,5
0.202,0.237,0.593,0.169,0,-0.996,0.062,0.834,0.104,5
-0.542,0,0.811,0.189,0,0.998,0.112,0.829,0.059,7
0,0,1,0,0,-0.953,0.031,0.916,0.053,5
-0.67,0,0.522,0.478,0,0,0,1,0,0
-0.735,0,0.326,0.674,0,0,0,1,0,0
0.494,0.314,0.686,0,0,0,0,1,0,0
0.273,0.231,0.769,0,0,0,0,1,0,0
0,0,1,0,0,-0.957,0.028,0.91,0.062,0
-0.599,0,0.55,0.45,0,0.92,0.081,0.879,0.04,4
-0.649,0,0.699,0.301,0,-0.997,0.056,0.807,0.137,2
-0.34,0,0.806,0.194,0,-0.864,0.068,0.858,0.075,0
-0.34,0,0.745,0.255,0,-0.974,0.055,0.877,0.069,2
-0.402,0,0.748,0.252,0,-0.994,0.032,0.879,0.088,2
0.802,0.444,0.556,0,0,-0.998,0.076,0.801,0.123,7
-0.818,0,0.571,0.429,0,-1,0.035,0.786,0.179,2
-0.382,0.188,0.412,0.4,0,-0.997,0.054,0.731,0.215,0
0.178,0.172,0.637,0.191,0,-0.809,0.07,0.859,0.071,5
-0.681,0,0.616,0.384,0,-0.999,0.088,0.749,0.163,12
-0.477,0,0.617,0.383,0,-0.997,0.057,0.8,0.143,4
-0.691,0,0.63,0.37,0,-1,0.068,0.747,0.185,7
-0.66,0,0.672,0.328,0,-0.999,0.057,0.76,0.183,0
0.494,0.262,0.738,0,0,-0.989,0.104,0.774,0.122,5
0.459,0.4,0.6,0,0,0.983,0.105,0.838,0.057,0
0,0,1,0,0,0.965,0.127,0.765,0.108,4
-0.778,0,0.595,0.405,0,-1,0.035,0.754,0.212,2
0,0,1,0,0,-0.628,0.054,0.886,0.06,3
0,0,1,0,0,0.098,0.08,0.841,0.079,7
-0.572,0,0.654,0.346,0,-0.991,0.06,0.855,0.085,6
-0.44,0,0.775,0.225,0,-0.946,0.079,0.829,0.093,5
-0.052,0.169,0.645,0.185,0,0.999,0.129,0.824,0.046,8
0,0,1,0,0,-0.525,0.059,0.88,0.062,2
-0.25,0,0.8,0.2,0,-0.97,0.081,0.81,0.109,3
-0.361,0,0.8,0.2,0,-0.675,0.064,0.864,0.072,2
0.202,0.153,0.847,0,0,-0.999,0.07,0.764,0.166,3
-0.511,0,0.732,0.268,0,-0.996,0.071,0.786,0.143,2
0,0,1,0,0,0.972,0.095,0.834,0.071,2
0,0,1,0,0,-0.925,0.046,0.88,0.074,1
-0.341,0,0.806,0.194,0,-0.999,0.06,0.826,0.114,5
-0.34,0,0.769,0.231,0,-0.932,0.067,0.857,0.076,1
0,0,1,0,0,0,0,1,0,0
0,0,1,0,0,0,0,1,0,0
0.077,0.14,0.744,0.116,0,-0.436,0.075,0.845,0.08,6
-0.25,0,0.75,0.25,0,-0.974,0.059,0.861,0.08,6
-0.791,0,0.562,0.438,0,-0.998,0.086,0.753,0.161,3
0,0,1,0,0,0.993,0.071,0.897,0.032,3
0.494,0.211,0.789,0,0,0.976,0.092,0.875,0.033,2
0,0,1,0,0,0.506,0.104,0.801,0.095,1
0,0,1,0,0,0.998,0.086,0.885,0.029,3
-0.681,0,0.517,0.483,0,-0.999,0.081,0.789,0.13,9
-0.751,0,0.584,0.416,0,-0.923,0.08,0.825,0.095,0
0.421,0.203,0.797,0,0,-1,0.058,0.798,0.144,4
0,0,1,0,0,-0.994,0.037,0.844,0.119,2
-0.66,0,0.694,0.306,0,-0.999,0.066,0.772,0.162,2
0,0,1,0,0,0.993,0.085,0.864,0.051,5
-0.34,0,0.769,0.231,0,-0.988,0.045,0.822,0.133,3
0,0,1,0,0,-0.969,0.03,0.875,0.095,0
-0.226,0,0.808,0.192,0,-0.966,0.076,0.814,0.11,1
0.494,0.348,0.652,0,0,0.996,0.11,0.821,0.07,6
0,0,1,0,0,0.98,0.088,0.836,0.076,8
0,0,1,0,0,0,0,1,0,0
-0.67,0,0.69,0.31,0,0,0,1,0,0
0.178,0.231,0.598,0.171,0,0,0,1,0,0
0,0,1,0,0,0,0,1,0,0
-0.25,0,0.818,0.182,0,0,0,1,0,0
0,0,1,0,0,0,0,1,0,0
0,0,1,0,1,-0.996,0.081,0.796,0.123,5
0,0,1,0,0,-0.994,0.068,0.834,0.097,8
-0.477,0,0.744,0.256,0,-0.999,0.085,0.767,0.148,4
-0.511,0,0.708,0.292,0,-1,0.041,0.719,0.239,2
-0.586,0.197,0.393,0.41,0,-1,0.064,0.814,0.122,4
0,0,1,0,0,-0.623,0.071,0.859,0.07,0
0,0,1,0,0,-0.912,0.098,0.773,0.129,4
-0.691,0,0.513,0.487,0,-0.999,0.059,0.758,0.183,3
0,0,1,0,0,0.989,0.102,0.844,0.053,2
0.854,0.564,0.436,0,0,0.993,0.06,0.906,0.034,3
-0.25,0,0.875,0.125,0,-0.985,0.057,0.866,0.077,3
-0.681,0,0.641,0.359,0,0.991,0.076,0.877,0.047,2
-0.599,0,0.672,0.328,0,-0.999,0.05,0.823,0.126,4
-0.459,0.105,0.614,0.281,0,-0.879,0.087,0.819,0.093,2
-0.527,0,0.638,0.362,0,-0.992,0.047,0.822,0.132,1
0.557,0.31,0.69,0,0,0.992,0.093,0.869,0.038,2
-0.67,0,0.621,0.379,0,-0.976,0.081,0.819,0.1,4
0.44,0.266,0.734,0,0,0.376,0.087,0.83,0.083,4
-0.103,0,0.865,0.135,0,-0.974,0.095,0.796,0.109,3
-0.421,0,0.741,0.259,0,-1,0.053,0.782,0.165,3
-0.61,0,0.644,0.356,0,0.989,0.058,0.899,0.043,8
-0.382,0,0.714,0.286,0,0.648,0.037,0.932,0.031,2
0,0,1,0,0,0.694,0.062,0.888,0.05,5
0.421,0.237,0.763,0,0,0.97,0.101,0.82,0.079,3
0,0,1,0,0,0.999,0.16,0.784,0.055,3
0,0,1,0,1,-0.655,0.101,0.8,0.099,13
-0.421,0,0.682,0.318,0,0.993,0.073,0.889,0.038,7
-0.296,0,0.82,0.18,0,0.841,0.049,0.909,0.042,7
-0.822,0,0.513,0.487,0,-0.999,0.097,0.755,0.148,6
0,0,1,0,0,-0.933,0.057,0.864,0.079,5
0.202,0.184,0.816,0,0,-0.999,0.055,0.774,0.171,1
0,0,1,0,0,0,0,1,0,0
-0.361,0,0.762,0.238,0,0,0,1,0,0
-0.25,0,0.818,0.182,0,0,0,1,0,0
0,0,1,0,0,-0.716,0.081,0.833,0.086,5
0.649,0.414,0.446,0.14,0,-0.827,0.076,0.842,0.083,3
0.511,0.268,0.732,0,0,0.98,0.1,0.847,0.053,1
-0.318,0,0.796,0.204,0,0.928,0.086,0.843,0.071,2
-0.599,0,0.719,0.281,0,-0.989,0.068,0.802,0.13,0
0,0,1,0,0,0.998,0.114,0.82,0.066,4
0,0,1,0,0,-0.951,0.065,0.855,0.08,3
0,0,1,0,0,-0.97,0.06,0.865,0.074,5
0.052,0.098,0.902,0,0,-0.995,0.074,0.815,0.11,5
-0.477,0,0.631,0.369,0,-0.909,0.044,0.896,0.06,2
-0.599,0,0.738,0.262,0,-1,0.092,0.74,0.168,4
-0.625,0,0.541,0.459,0,-0.995,0.083,0.749,0.167,3
-0.44,0.101,0.653,0.246,0,-0.966,0.088,0.822,0.09,21
0.318,0.236,0.63,0.134,0,0.992,0.11,0.816,0.075,6
-0.372,0.13,0.632,0.239,1,0.994,0.115,0.799,0.085,6
0.178,0.208,0.629,0.164,0,0.598,0.038,0.922,0.04,3
-0.292,0,0.834,0.166,0,0.993,0.118,0.793,0.089,6
-0.292,0,0.834,0.166,0,0.963,0.14,0.814,0.046,1
-0.296,0.153,0.568,0.278,0,0.999,0.133,0.813,0.054,5
-0.402,0,0.654,0.346,0,-0.985,0.065,0.843,0.092,6
0.052,0.19,0.634,0.176,0,0.989,0.086,0.868,0.046,7
0.361,0.303,0.562,0.135,0,0.978,0.095,0.835,0.07,3
0,0,1,0,0,-0.982,0.067,0.837,0.096,3
0,0,1,0,0,-0.463,0.059,0.881,0.06,0
0,0,1,0,0,0.903,0.045,0.917,0.039,3
0,0,1,0,0,-0.998,0.06,0.828,0.112,6
0,0,1,0,0,0,0,1,0,0
-0.25,0,0.75,0.25,0,0,0,1,0,0
-0.511,0,0.482,0.518,0,0,0,1,0,0
0,0,1,0,0,0.898,0.071,0.865,0.064,4
-0.599,0,0.647,0.353,0,0.991,0.089,0.857,0.054,5
0,0,1,0,0,-0.996,0.069,0.82,0.111,4
-0.625,0,0.687,0.313,0,-0.906,0.035,0.922,0.043,2
0.128,0.143,0.857,0,0,-0.992,0.066,0.801,0.134,6
-0.765,0,0.577,0.423,0,-0.998,0.038,0.844,0.118,1
-0.542,0,0.759,0.241,0,-0.959,0.102,0.785,0.113,10
-0.494,0,0.656,0.344,1,-0.977,0.067,0.85,0.084,3
-0.778,0,0.541,0.459,0,-0.998,0.043,0.866,0.091,2
-0.511,0,0.65,0.35,0,-0.997,0.041,0.837,0.123,0
-0.421,0,0.648,0.352,0,-0.997,0.064,0.827,0.109,4
0,0,1,0,0,-0.998,0.054,0.759,0.187,2
0.382,0.167,0.833,0,0,0.998,0.158,0.788,0.054,3
-0.883,0,0.466,0.534,0,-0.999,0.055,0.831,0.114,10
0,0,1,0,0,-0.993,0.075,0.808,0.117,5
-0.872,0,0.447,0.553,0,-0.984,0.09,0.803,0.107,4
-0.273,0,0.792,0.208,0,-0.99,0.074,0.824,0.102,0
-0.743,0,0.559,0.441,0,-0.997,0.051,0.843,0.106,5
0,0,1,0,0,-0.865,0.073,0.846,0.08,9
-0.361,0.215,0.403,0.383,0,-0.525,0.072,0.855,0.073,8
0,0,1,0,0,-0.996,0.061,0.81,0.129,1
0,0,1,0,0,0.301,0.082,0.836,0.082,1
0.511,0.292,0.708,0,0,-0.73,0.061,0.875,0.064,3
-0.625,0,0.549,0.451,0,0,0,1,0,0
0.052,0.085,0.915,0,0,0,0,1,0,0
0,0,1,0,0,0.965,0.051,0.919,0.03,3
0.25,0.182,0.818,0,0,0.994,0.092,0.847,0.06,11
0,0,1,0,0,-1,0.049,0.809,0.142,8
-0.625,0.088,0.612,0.299,0,-1,0.08,0.712,0.208,8
-0.557,0,0.705,0.295,0,-0.999,0.039,0.826,0.135,4
-0.557,0,0.603,0.397,0,0.981,0.084,0.85,0.066,3
0.625,0.338,0.662,0,0,0.996,0.078,0.897,0.025,2
-0.625,0,0.661,0.339,0,0.991,0.122,0.798,0.08,4
0.557,0.34,0.66,0,0,-0.948,0.048,0.858,0.094,1
-0.735,0,0.617,0.383,0,-0.997,0.091,0.748,0.161,4
-0.25,0,0.8,0.2,0,-0.735,0.047,0.88,0.073,1
0,0,1,0,0,0.991,0.05,0.931,0.019,3
0,0,1,0,0,0.993,0.1,0.832,0.068,5
0.511,0.452,0.548,0,0,-0.947,0.019,0.895,0.087,1
-0.818,0.103,0.41,0.487,0,-0.981,0.09,0.805,0.106,6
-0.836,0,0.574,0.426,0,-0.967,0.043,0.883,0.075,3
-0.67,0,0.64,0.36,0,-1,0.054,0.765,0.18,9
0.34,0.231,0.769,0,0,0.988,0.072,0.89,0.038,5
0,0,1,0,0,0.997,0.138,0.822,0.04,2
0.128,0.176,0.824,0,0,-0.968,0.058,0.88,0.062,4
-0.382,0,0.755,0.245,0,-0.954,0.024,0.945,0.031,1
-0.7,0,0.547,0.453,0,-0.986,0.029,0.843,0.129,1
0,0,1,0,0,0,0,1,0,0
0,0,1,0,0,0,0,1,0,0
0,0,1,0,0,0,0,1,0,0
-0.477,0,0.744,0.256,0,0.976,0.093,0.82,0.087,26
-0.67,0,0.609,0.391,0,-0.998,0.074,0.723,0.203,2
-0.772,0,0.573,0.427,0,-1,0.051,0.765,0.184,6
-0.318,0,0.796,0.204,0,-0.879,0.059,0.873,0.069,5
0,0,1,0,0,-0.991,0.068,0.8,0.132,2
-0.226,0,0.808,0.192,0,-0.994,0.068,0.837,0.095,4
0,0,1,0,0,-0.99,0.044,0.862,0.093,2
0.202,0.13,0.87,0,0,-0.997,0.062,0.83,0.108,4
0.735,0.444,0.556,0,0,0.999,0.16,0.81,0.03,2
-0.494,0.173,0.449,0.378,0,-0.999,0.1,0.734,0.166,7
0.226,0.192,0.808,0,0,0.986,0.089,0.871,0.04,1
0,0,1,0,0,0.996,0.08,0.863,0.057,9
-0.328,0.178,0.561,0.261,0,-0.888,0.107,0.776,0.117,7
-0.791,0,0.611,0.389,0,-0.999,0.065,0.782,0.153,7
0.511,0.292,0.708,0,0,0.936,0.092,0.829,0.079,5
-0.25,0.199,0.542,0.259,0,0.991,0.064,0.922,0.014,1
-0.557,0,0.662,0.338,0,-0.996,0.065,0.825,0.111,2
-0.34,0,0.806,0.194,0,-0.998,0.06,0.846,0.095,5
0,0,1,0,0,0.997,0.105,0.847,0.048,1
-0.34,0,0.821,0.179,0,0.996,0.104,0.831,0.064,4
-0.612,0.138,0.461,0.401,0,-0.988,0.056,0.855,0.089,2
0,0,1,0,0,-0.988,0.059,0.861,0.08,6
0,0,1,0,0,0,0,1,0,0
0.44,0.293,0.707,0,0,0,0,1,0,0
0,0,1,0,0,0,0,1,0,0
-0.318,0,0.777,0.223,0,0.997,0.116,0.841,0.043,3
0,0,1,0,0,0.998,0.137,0.801,0.062,3
0,0,1,0,0,0.992,0.096,0.832,0.072,6
-0.818,0,0.545,0.455,0,-0.999,0.057,0.755,0.188,5
0,0,1,0,0,0.997,0.119,0.803,0.078,4
0,0,1,0,0,-0.827,0.075,0.842,0.083,0
-0.382,0.189,0.502,0.308,1,1,0.206,0.708,0.086,6
0,0,1,0,0,0.993,0.105,0.826,0.069,2
-0.599,0,0.738,0.262,0,0.998,0.084,0.868,0.048,9
0.44,0.293,0.707,0,0,0.938,0.069,0.869,0.062,3
-0.84,0,0.5,0.5,0,-0.997,0.071,0.811,0.119,3
-0.572,0,0.63,0.37,0,-0.984,0.074,0.832,0.094,5
0.459,0.311,0.566,0.123,0,0.426,0.093,0.819,0.089,8
-0.527,0,0.726,0.274,0,0.995,0.101,0.834,0.065,3
0.586,0.202,0.798,0,0,0.996,0.11,0.815,0.075,10
0.572,0.236,0.764,0,0,-0.918,0.052,0.89,0.059,2
0,0,1,0,0,-0.996,0.059,0.862,0.079,9
-0.477,0,0.78,0.22,0,-0.987,0.091,0.797,0.112,2
0.34,0.194,0.806,0,0,-0.997,0.068,0.81,0.122,1
0.077,0.126,0.874,0,0,0.954,0.097,0.827,0.076,2
0.494,0.314,0.686,0,0,0.926,0.086,0.845,0.069,4
-0.34,0,0.714,0.286,0,0,0,1,0,0
0,0,1,0,0,-0.989,0.075,0.828,0.098,5
0,0,1,0,0,-0.987,0.058,0.864,0.077,7
0,0,1,0,0,0.727,0.045,0.934,0.021,0
0,0,1,0,0,0.995,0.093,0.855,0.053,3
0.527,0.481,0.312,0.206,0,-0.996,0.077,0.785,0.138,3
0.202,0.153,0.847,0,0,-0.981,0.06,0.867,0.073,1
-0.866,0,0.535,0.465,0,-0.987,0.103,0.774,0.123,4
-0.402,0,0.769,0.231,0,0.547,0.09,0.826,0.084,2
0,0,1,0,0,-0.966,0.072,0.844,0.084,9
0,0,1,0,0,0.996,0.104,0.849,0.047,2
0.226,0.137,0.863,0,0,-0.883,0.1,0.799,0.101,3
0.026,0.22,0.569,0.211,0,-0.995,0.078,0.786,0.136,5
-0.649,0,0.65,0.35,0,-0.271,0.045,0.917,0.038,4
-0.572,0,0.73,0.27,0,-0.999,0.073,0.785,0.142,7
-0.542,0,0.72,0.28,0,0.992,0.129,0.802,0.069,0
0,0,1,0,0,-0.997,0.056,0.851,0.093,6
-0.103,0,0.682,0.318,0,0,0,1,0,0
0.361,0.333,0.667,0,0,0,0,1,0,0
-0.649,0,0.583,0.417,0,0,0,1,0,0
-0.625,0,0.661,0.339,0,0,0,1,0,0
0,0,1,0,0,0.982,0.096,0.83,0.074,4
-0.625,0,0.728,0.272,0,-0.993,0.038,0.879,0.083,1
-0.67,0,0.69,0.31,0,-0.998,0.049,0.839,0.112,2
0,0,1,0,0,-0.955,0.07,0.854,0.076,4
0,0,1,0,0,0.872,0.078,0.846,0.076,9
0,0,1,0,0,-0.996,0.039,0.836,0.125,2
0.421,0.318,0.682,0,0,0.998,0.145,0.794,0.061,3
-0.599,0.108,0.576,0.317,0,-0.998,0.06,0.789,0.151,4
0,0.175,0.649,0.175,0,0.98,0.088,0.855,0.057,2
0,0,1,0,0,-0.935,0.088,0.826,0.086,6
0,0,1,0,0,-0.998,0.067,0.773,0.16,2
0,0,1,0,0,0.997,0.102,0.832,0.066,5
0,0,1,0,0,0.992,0.064,0.891,0.045,5
-0.802,0.096,0.479,0.426,0,-0.999,0.061,0.803,0.136,9
-0.625,0,0.687,0.313,0,-0.999,0.053,0.797,0.15,0
-0.44,0,0.756,0.244,0,0,0,1,0,0
-0.382,0.221,0.39,0.39,0,0,0,1,0,0
-0.751,0,0.584,0.416,0,0,0,1,0,0
-0.758,0,0.552,0.448,0,0,0,1,0,0
0,0,1,0,0,-0.925,0.06,0.869,0.07,7
0,0,1,0,0,0.999,0.097,0.886,0.017,5
-0.477,0,0.721,0.279,0,-0.862,0.058,0.85,0.092,1
-0.599,0,0.719,0.281,0,-0.999,0.066,0.797,0.137,6
0,0,1,0,0,0.999,0.121,0.845,0.033,6
0.153,0.282,0.484,0.234,0,-0.996,0.083,0.804,0.113,9
-0.511,0,0.798,0.202,0,0.994,0.101,0.832,0.067,6
0,0,1,0,0,-1,0.051,0.779,0.17,5
-0.459,0,0.75,0.25,0,-0.999,0.067,0.789,0.143,3
0,0,1,0,0,0.997,0.111,0.809,0.08,6
-0.178,0.181,0.571,0.248,0,0,0,1,0,0
-0.226,0,0.826,0.174,0,0,0,1,0,0
-0.66,0,0.645,0.355,0,0.987,0.088,0.852,0.061,2
0.077,0.14,0.86,0,0,0.972,0.06,0.896,0.044,6
-0.586,0,0.696,0.304,0,0.786,0.088,0.828,0.084,7
0,0,1,0,0,-0.999,0.075,0.782,0.143,1
0.735,0.508,0.379,0.114,0,0.995,0.09,0.862,0.048,1
0,0,1,0,0,0.994,0.077,0.877,0.046,1
-0.691,0,0.657,0.343,0,-0.982,0.084,0.817,0.1,3
0,0,1,0,0,-0.992,0.048,0.861,0.091,1
-0.361,0,0.762,0.238,0,0.396,0.094,0.822,0.084,4
-0.681,0,0.556,0.444,0,-0.995,0.068,0.79,0.142,1
-0.511,0,0.769,0.231,0,-0.998,0.076,0.801,0.123,2
0,0,1,0,0,0.997,0.127,0.824,0.049,4
0,0,1,0,0,-0.984,0.035,0.909,0.056,2
0,0,1,0,0,-0.023,0.079,0.842,0.079,5
0,0,1,0,0,-0.936,0.07,0.84,0.09,1
-0.494,0,0.704,0.296,0,-0.997,0.101,0.745,0.154,5
-0.832,0,0.562,0.438,0,-0.999,0.079,0.796,0.125,9
-0.898,0,0.423,0.577,0,-0.997,0.046,0.843,0.111,2
-0.128,0.214,0.534,0.252,0,-0.995,0.04,0.859,0.101,1
-0.691,0,0.551,0.449,0,-0.996,0.079,0.792,0.129,5
0.382,0.206,0.794,0,0,0,0,1,0,0
0.497,0.264,0.736,0,0,0,0,1,0,0
-0.103,0,0.851,0.149,0,0.996,0.135,0.802,0.064,2
-0.511,0.113,0.566,0.321,0,-0.999,0.057,0.802,0.141,2
0,0,1,0,0,-0.991,0.049,0.885,0.066,11
0.361,0.238,0.762,0,0,0.987,0.094,0.877,0.03,3
0.497,0.212,0.788,0,0,-0.997,0.049,0.791,0.16,4
0.128,0.12,0.88,0,0,-0.611,0.07,0.862,0.069,3
-0.477,0,0.693,0.307,0,-0.998,0.031,0.819,0.15,2
-0.856,0,0.515,0.485,0,-0.999,0.046,0.725,0.229,4
0,0,1,0,0,-0.814,0.083,0.831,0.085,3
-0.572,0,0.515,0.485,0,-0.996,0.046,0.85,0.104,3
0,0,1,0,0,-0.975,0.085,0.821,0.095,2
0,0,1,0,0,-0.946,0.08,0.83,0.09,5
-0.66,0,0.645,0.355,0,-0.99,0.037,0.85,0.112,1
-0.318,0.108,0.701,0.191,0,0.999,0.141,0.825,0.034,1
0,0,1,0,0,-0.998,0.03,0.855,0.115,2
-0.859,0,0.387,0.613,0,0,0,1,0,0
-0.527,0,0.779,0.221,0,-0.995,0.064,0.832,0.105,3
-0.318,0,0.813,0.187,0,-0.986,0.065,0.829,0.106,3
0.511,0.248,0.752,0,0,-0.968,0.047,0.886,0.067,2
0.459,0.335,0.472,0.193,0,-0.997,0.061,0.845,0.094,3
0.318,0.247,0.753,0,0,-0.999,0.04,0.826,0.135,4
-0.765,0,0.625,0.375,0,-0.999,0.049,0.751,0.199,2
0,0.21,0.58,0.21,0,-0.992,0.073,0.801,0.125,1
-0.599,0,0.692,0.308,0,-0.988,0.053,0.771,0.175,0
-0.361,0,0.737,0.263,0,0.986,0.109,0.801,0.09,4
0,0,1,0,0,0.288,0.073,0.853,0.073,4
0.153,0.191,0.658,0.151,0,-1,0.042,0.8,0.159,2
0.402,0.213,0.787,0,0,-0.812,0.099,0.803,0.098,4
0,0,1,0,0,0,0,1,0,0
0,0,1,0,0,0,0,1,0,0
0,0,1,0,0,0,0,1,0,0
-0.318,0,0.813,0.187,0,0.991,0.122,0.791,0.087,5
0,0,1,0,0,-0.997,0.063,0.829,0.108,7
0.542,0.28,0.72,0,0,0.997,0.128,0.785,0.087,7
0.542,0.259,0.741,0,0,-0.998,0.063,0.821,0.115,6
-0.557,0,0.69,0.31,0,-0.988,0.118,0.733,0.149,5
0,0,1,0,0,-0.991,0.073,0.834,0.093,5
-0.572,0,0.734,0.266,1,-0.992,0.083,0.805,0.112,5
0,0,1,0,0,-0.998,0.091,0.766,0.143,4
0,0,1,0,0,0.976,0.111,0.805,0.084,2
0.402,0.231,0.769,0,0,0.999,0.149,0.777,0.074,4
0,0,1,0,0,0.837,0.101,0.804,0.094,8
0,0,1,0,0,-0.532,0.026,0.94,0.034,2
-0.382,0.182,0.607,0.21,0,-0.998,0.077,0.814,0.11,2
0,0,1,0,0,-0.998,0.06,0.829,0.111,6
0,0,1,0,0,-0.993,0.068,0.836,0.096,8
0.421,0.203,0.797,0,0,-0.924,0.049,0.893,0.058,3
-0.67,0,0.686,0.314,0,-0.969,0.04,0.855,0.105,0
0,0,1,0,0,0,0,1,0,0
0,0,1,0,0,0,0,1,0,0
0,0,1,0,0,0,0,1,0,0
0.209,0.33,0.441,0.229,0,0,0,1,0,0
-0.691,0,0.701,0.299,0,0,0,1,0,0
0,0,1,0,0,0,0,1,0,0
0,0,1,0,0,-0.954,0.051,0.883,0.066,5
0,0,1,0,0,-0.128,0.026,0.947,0.027,1
0,0,1,0,0,0.984,0.105,0.806,0.088,5
-0.09,0.084,0.808,0.108,1,-0.979,0.078,0.83,0.093,11
-0.494,0,0.738,0.262,0,-0.993,0.02,0.892,0.088,1
0.542,0.304,0.696,0,0,0.994,0.075,0.918,0.006,3
-0.637,0.16,0.4,0.44,0,-0.998,0.047,0.76,0.193,1
-0.625,0.088,0.612,0.299,0,-0.998,0.033,0.83,0.137,1
-0.128,0.238,0.49,0.273,0,-0.997,0.08,0.795,0.124,3
0,0,1,0,0,0.998,0.115,0.832,0.053,4
0.104,0.121,0.785,0.094,1,-0.992,0.083,0.791,0.125,8
0.649,0.398,0.602,0,0,0.996,0.094,0.846,0.059,6
0,0,1,0,0,0,0,1,0,0
0,0,1,0,0,0,0,1,0,0
-0.625,0,0.687,0.313,0,0,0,1,0,0
0,0,1,0,0,0.726,0.088,0.823,0.089,6
0,0,1,0,0,-0.998,0.078,0.795,0.127,6
0,0,1,0,0,-0.992,0.078,0.826,0.096,3
0.586,0.352,0.648,0,0,0.999,0.152,0.808,0.04,4
0,0,1,0,0,0.984,0.094,0.839,0.068,4
0,0,1,0,0,0.996,0.073,0.881,0.045,3
0,0,1,0,0,0.703,0.064,0.871,0.065,1
0,0,1,0,0,0.932,0.091,0.835,0.074,0
0,0,1,0,0,-1,0.062,0.793,0.144,11
0.34,0.156,0.844,0,0,0.995,0.097,0.842,0.061,4
0.527,0.274,0.726,0,0,0.998,0.14,0.841,0.019,2
-0.318,0.178,0.576,0.246,0,-0.997,0.101,0.728,0.171,0
0,0,1,0,0,0.92,0.065,0.882,0.053,5
-0.691,0.115,0.485,0.4,0,-0.999,0.039,0.767,0.194,3
0.402,0.252,0.748,0,0,0.994,0.126,0.796,0.078,4
0,0,1,0,0,-0.998,0.089,0.784,0.126,8
-0.511,0,0.538,0.462,0,0,0,1,0,0
0,0,1,0,0,0,0,1,0,0
0,0,1,0,0,0,0,1,0,0
0.402,0.351,0.649,0,0,0,0,1,0,0
-0.572,0,0.654,0.346,0,0,0,1,0,0
-0.382,0.162,0.563,0.275,0,-0.999,0.089,0.719,0.192,1
0,0,1,0,0,0.897,0.047,0.92,0.032,5
-0.807,0,0.354,0.646,0,-1,0.042,0.721,0.237,10
0,0,1,0,0,-0.961,0.084,0.822,0.094,7
0.402,0.218,0.667,0.115,0,-0.997,0.071,0.824,0.105,1
-0.052,0,0.833,0.167,0,0.988,0.082,0.852,0.066,2
0.856,0.535,0.396,0.069,0,0.992,0.106,0.822,0.072,4
0.382,0.282,0.565,0.153,0,0.952,0.089,0.844,0.067,3
-0.103,0,0.833,0.167,0,-0.248,0.061,0.864,0.075,0
-0.318,0,0.859,0.141,0,0.993,0.12,0.782,0.098,9
0,0,1,0,0,0.992,0.106,0.826,0.068,1
-0.34,0,0.789,0.211,0,-0.997,0.035,0.898,0.067,6
0,0,1,0,0,-0.941,0.103,0.791,0.106,4
0,0,1,0,0,0.988,0.077,0.896,0.027,0
0.421,0.259,0.741,0,0,0.99,0.109,0.836,0.056,0
-0.494,0,0.625,0.375,0,-0.982,0.06,0.858,0.082,8
-0.494,0,0.738,0.262,0,-0.489,0.037,0.912,0.051,3
-0.273,0,0.741,0.259,0,0,0,1,0,0
0,0,1,0,0,-0.988,0.087,0.792,0.12,0
0.477,0.279,0.721,0,0,0.994,0.11,0.881,0.009,0
0.402,0.278,0.722,0,0,0.994,0.129,0.78,0.092,4
-0.44,0,0.707,0.293,0,-0.999,0.046,0.815,0.139,0
0,0,1,0,0,0.999,0.142,0.805,0.053,4
-0.743,0,0.559,0.441,0,-0.995,0.07,0.807,0.123,4
-0.296,0,0.855,0.145,0,-0.997,0.083,0.774,0.143,3
0.421,0.203,0.797,0,0,-0.229,0.064,0.878,0.058,4
0,0,1,0,0,0.533,0.069,0.864,0.067,5
0.402,0.252,0.748,0,0,0.994,0.123,0.787,0.089,6
-0.735,0,0.563,0.437,0,-0.759,0.098,0.804,0.098,2
-0.758,0,0.606,0.394,0,-0.993,0.072,0.831,0.097,9
-0.681,0,0.705,0.295,0,-0.999,0.07,0.763,0.166,3
-0.859,0,0.424,0.576,0,-0.992,0.032,0.85,0.118,1
-0.67,0,0.727,0.273,0,-0.906,0.078,0.821,0.101,3
-0.943,0,0.286,0.714,0,-0.999,0.078,0.733,0.188,3
-0.818,0,0.516,0.484,0,-0.996,0.053,0.85,0.097,3
-0.898,0,0.391,0.609,0,0,0,1,0,0
0.494,0.583,0.417,0,0,0,0,1,0,0
0,0,1,0,0,0,0,1,0,0
-0.153,0.18,0.6,0.22,0,-0.995,0.069,0.803,0.129,3
-0.153,0,0.814,0.186,0,0.915,0.084,0.847,0.069,0
-0.718,0,0.6,0.4,0,-0.628,0.081,0.836,0.083,4
0,0,1,0,0,-0.999,0.063,0.792,0.145,3
0,0,1,0,0,0.989,0.08,0.86,0.06,7
-0.459,0.237,0.351,0.412,0,-0.996,0.091,0.796,0.113,4
0,0,1,0,0,0.991,0.059,0.912,0.029,4
-0.649,0,0.629,0.371,0,-0.999,0.066,0.766,0.168,4
-0.511,0,0.68,0.32,0,0,0,1,0,0
0,0,1,0,0,0.949,0.076,0.873,0.05,2
0,0,1,0,0,0.98,0.074,0.888,0.038,3
-0.361,0,0.839,0.161,0,-0.989,0.047,0.814,0.139,1
0,0,1,0,0,-0.098,0.108,0.783,0.109,9
-0.382,0,0.755,0.245,0,-0.989,0.066,0.859,0.076,6
-0.421,0,0.703,0.297,0,-0.991,0.091,0.775,0.135,2
-0.765,0,0.577,0.423,0,-0.993,0.027,0.879,0.094,1
-0.226,0,0.808,0.192,0,-0.996,0.058,0.824,0.118,4
0.077,0.14,0.86,0,0,-0.995,0.066,0.835,0.099,3
-0.735,0,0.53,0.47,0,-0.999,0.027,0.813,0.16,3
0,0,1,0,0,0.987,0.1,0.857,0.043,1
0.361,0.238,0.762,0,0,0.995,0.13,0.867,0.003,0
-0.599,0,0.606,0.394,0,0,0,1,0,0
-0.586,0,0.648,0.352,0,0,0,1,0,0
0,0,1,0,0,0,0,1,0,0
0.417,0.236,0.764,0,0,0,0,1,0,0
-0.153,0,0.849,0.151,0,0.933,0.118,0.778,0.104,4
-0.557,0.278,0.37,0.352,0,-1,0.068,0.75,0.182,6
0.637,0.318,0.682,0,0,0.997,0.106,0.859,0.034,1
0.572,0.291,0.709,0,1,-0.988,0.087,0.806,0.107,4
-0.077,0.314,0.355,0.331,0,-0.979,0.069,0.819,0.112,2
-0.494,0,0.738,0.262,0,0.557,0.077,0.856,0.068,2
-0.743,0,0.526,0.474,0,-1,0.049,0.792,0.159,6
-0.511,0,0.752,0.248,0,-0.988,0.074,0.819,0.107,3
-0.66,0,0.614,0.386,0,-0.999,0.076,0.791,0.133,4
-0.511,0,0.482,0.518,0,0,0,1,0,0
-0.751,0,0.439,0.561,0,0,0,1,0,0
0,0,1,0,0,0.511,0.072,0.859,0.068,0
0,0,1,0,0,0.997,0.082,0.869,0.049,6
0.802,0.396,0.604,0,0,0.991,0.091,0.845,0.064,8
-0.599,0,0.738,0.262,0,-0.999,0.067,0.782,0.151,6
0,0,1,0,0,-0.987,0.058,0.809,0.132,2
0.273,0.261,0.58,0.159,0,-0.539,0.079,0.839,0.081,2
-0.718,0,0.571,0.429,0,-0.999,0.08,0.784,0.136,5
0,0,1,0,0,0.996,0.084,0.886,0.029,3
0,0,1,0,0,0.248,0.076,0.855,0.069,4
-0.178,0.282,0.458,0.26,0,-0.914,0.06,0.867,0.073,2
-0.791,0,0.533,0.467,0,-1,0.051,0.796,0.154,8
0.71,0.465,0.377,0.157,0,0,0,1,0,0
-0.459,0,0.571,0.429,0,0,0,1,0,0
0.402,0.474,0.526,0,0,0,0,1,0,0
-0.649,0,0.654,0.346,0,-0.999,0.087,0.764,0.148,6
0.052,0.091,0.909,0,0,0.998,0.094,0.87,0.036,6
-0.599,0,0.671,0.329,0,-0.983,0.114,0.756,0.13,5
0,0,1,0,0,0.204,0.049,0.911,0.04,0
0,0,1,0,0,-0.998,0.083,0.787,0.13,5
-0.527,0,0.614,0.386,0,-0.999,0.07,0.795,0.135,3
0.178,0.195,0.805,0,0,-0.922,0.02,0.922,0.058,1
-0.402,0,0.769,0.231,0,-0.999,0.051,0.769,0.18,1
-0.612,0,0.643,0.357,0,-0.983,0.023,0.875,0.102,1
-0.318,0,0.796,0.204,0,0.978,0.06,0.899,0.04,2
0,0,1,0,0,0.999,0.128,0.831,0.041,4
-0.128,0,0.88,0.12,0,0.931,0.074,0.87,0.056,2
0,0,1,0,1,-0.998,0.057,0.837,0.106,4
0.103,0.176,0.686,0.137,0,0.943,0.092,0.83,0.078,1
-0.459,0,0.75,0.25,0,-0.996,0.093,0.777,0.13,3
0.202,0.205,0.795,0,0,0.682,0.067,0.877,0.056,1
0,0,1,0,0,-0.998,0.074,0.8,0.126,9
-0.822,0,0.542,0.458,0,-0.999,0.023,0.752,0.225,2
0.421,0.219,0.781,0,0,-0.998,0.055,0.831,0.113,0
-0.178,0,0.841,0.159,0,-0.996,0.072,0.809,0.119,8
-0.103,0,0.903,0.097,0,-0.995,0.03,0.903,0.068,3
-0.494,0,0.704,0.296,0,-0.994,0.036,0.854,0.111,4
0,0,1,0,0,0.951,0.052,0.914,0.033,5
0,0,1,0,0,0,0,1,0,0
-0.361,0,0.8,0.2,0,0,0,1,0,0
-0.866,0,0.452,0.548,0,-0.996,0.085,0.788,0.127,10
-0.691,0,0.68,0.32,0,-0.996,0.048,0.856,0.096,1
0,0,1,0,0,-0.999,0.067,0.776,0.157,6
0,0,1,0,0,0.032,0.048,0.883,0.069,1
0,0,1,0,0,-0.948,0.082,0.825,0.092,6
0.128,0.203,0.699,0.098,0,-0.992,0.066,0.841,0.092,3
-0.599,0.111,0.523,0.366,0,-0.946,0.1,0.76,0.14,1
0.735,0.408,0.592,0,0,-0.999,0.066,0.785,0.149,3
-0.382,0,0.794,0.206,0,-0.998,0.045,0.759,0.196,1
0,0,1,0,0,-0.989,0.052,0.845,0.103,1
0,0,1,0,0,0.995,0.093,0.881,0.026,3
0.459,0.292,0.556,0.153,0,0.437,0.077,0.851,0.072,5
-0.103,0,0.887,0.113,0,0.983,0.096,0.865,0.039,3
0,0,1,0,0,0,0,1,0,0
0.402,0.252,0.748,0,0,0.597,0.112,0.782,0.105,4
-0.67,0,0.64,0.36,0,-1,0.08,0.73,0.19,5
-0.67,0,0.609,0.391,0,-0.999,0.063,0.771,0.166,5
0,0,1,0,0,-0.993,0.066,0.841,0.093,9
-0.71,0,0.543,0.457,0,-0.997,0.059,0.834,0.106,6
-0.477,0.137,0.504,0.36,0,-0.981,0.057,0.812,0.131,0
0.557,0.31,0.69,0,0,0.983,0.123,0.805,0.072,1
-0.836,0,0.503,0.497,0,-0.996,0.056,0.821,0.123,1
-0.477,0.211,0.4,0.389,0,-0.998,0.069,0.812,0.119,8
0.542,0.333,0.667,0,0,-0.999,0.079,0.791,0.13,6
0,0,1,0,0,0.93,0.081,0.848,0.071,5
0.421,0.259,0.741,0,0,-0.74,0.084,0.834,0.082,3
0.052,0.205,0.606,0.189,0,0.979,0.091,0.846,0.063,6
-0.103,0,0.865,0.135,0,0.992,0.084,0.858,0.059,7
-0.649,0,0.619,0.381,0,-0.996,0.085,0.761,0.154,3
0,0,1,0,0,-0.984,0.063,0.855,0.083,10
-0.822,0,0.568,0.432,0,-0.996,0.059,0.835,0.106,5
-0.273,0,0.769,0.231,0,-0.94,0.049,0.888,0.063,4
0,0,1,0,0,0.995,0.07,0.908,0.022,4
-0.459,0.149,0.439,0.412,0,-0.999,0.063,0.792,0.144,1
0,0,1,0,0,0,0,1,0,0
-0.599,0,0.629,0.371,0,-0.998,0.053,0.8,0.146,3
-0.402,0.11,0.675,0.215,0,-0.982,0.05,0.876,0.074,4
0.318,0.223,0.777,0,0,-0.865,0.089,0.823,0.088,6
0.796,0.441,0.559,0,0,-0.998,0.092,0.787,0.122,10
0.402,0.298,0.552,0.149,0,0.996,0.133,0.779,0.088,4
-0.296,0,0.761,0.239,0,-0.995,0.078,0.811,0.112,7
-0.421,0,0.763,0.237,0,-0.947,0.073,0.848,0.079,0
0.178,0.248,0.552,0.2,0,-0.993,0.069,0.836,0.095,7
-0.494,0,0.652,0.348,0,-0.307,0.027,0.935,0.039,3
0,0,1,0,0,0,0,1,0,0
0.361,0.172,0.828,0,0,0.958,0.1,0.816,0.084,11
-0.402,0,0.787,0.213,0,-0.999,0.067,0.812,0.121,7
-0.796,0,0.559,0.441,0,-0.997,0.048,0.778,0.174,1
0.511,0.292,0.708,0,0,0.995,0.056,0.913,0.031,1
0.077,0.115,0.885,0,0,-0.999,0.058,0.771,0.171,2
-0.743,0.149,0.311,0.54,0,-0.999,0.067,0.777,0.156,4
0.296,0.216,0.784,0,0,0.997,0.17,0.701,0.129,3
0.128,0.258,0.538,0.204,0,0,0,1,0,0
-0.25,0,0.778,0.222,0,-0.998,0.056,0.795,0.149,0
0,0,1,0,0,-0.939,0.079,0.833,0.088,6
0,0,1,0,0,-0.994,0.079,0.788,0.133,1
-0.66,0,0.649,0.351,0,0.999,0.125,0.841,0.034,6
-0.421,0,0.781,0.219,0,-0.892,0.086,0.813,0.101,4
-0.791,0,0.417,0.583,0,-0.981,0.06,0.829,0.111,1
0,0,1,0,0,-0.995,0.095,0.748,0.157,2
-0.625,0,0.709,0.291,0,0.719,0.075,0.859,0.067,3
0,0,1,0,1,0.997,0.112,0.817,0.072,4
-0.527,0,0.746,0.254,0,-0.996,0.078,0.824,0.098,3
0.361,0.185,0.815,0,0,0.993,0.103,0.818,0.079,3
0,0,1,0,1,0.999,0.138,0.803,0.059,8
0,0,1,0,0,0.887,0.042,0.933,0.024,1
0.66,0.435,0.565,0,0,0.992,0.109,0.824,0.067,6
0,0,1,0,0,0.992,0.067,0.901,0.032,8
0,0,1,0,0,0,0,1,0,0
0,0,1,0,0,0,0,1,0,0
0,0,1,0,0,0,0,1,0,0
0.077,0.17,0.68,0.15,0,0,0,1,0,0
-0.421,0,0.513,0.487,0,0,0,1,0,0
-0.421,0,0.741,0.259,0,0,0,1,0,0
-0.459,0,0.667,0.333,0,0,0,1,0,0
0.421,0.343,0.49,0.167,0,0.938,0.055,0.901,0.044,1
0.765,0.485,0.515,0,0,0.997,0.065,0.904,0.031,11
-0.226,0,0.759,0.241,0,-0.972,0.062,0.84,0.098,0
0,0,1,0,0,0.985,0.078,0.867,0.056,8
0.511,0.32,0.68,0,0,-0.998,0.093,0.783,0.124,4
-0.859,0,0.296,0.704,0,-0.749,0.09,0.814,0.096,3
-0.542,0,0.72,0.28,0,-0.989,0.027,0.885,0.088,2
0,0,1,0,0,-0.976,0.055,0.841,0.104,2
-0.052,0.176,0.634,0.19,0,0.949,0.106,0.815,0.079,2
0,0,1,0,0,-0.989,0.065,0.841,0.094,2
0,0,1,0,0,1,0.128,0.835,0.037,3
-0.557,0,0.769,0.231,0,-0.995,0.064,0.834,0.103,1
0.402,0.278,0.722,0,0,0.999,0.116,0.821,0.063,11
-0.153,0.195,0.526,0.279,0,-0.977,0.02,0.921,0.059,4
0,0,1,0,0,0,0,1,0,0
0,0,1,0,0,0,0,1,0,0
-0.103,0,0.851,0.149,0,0,0,1,0,0
0.226,0.195,0.671,0.134,0,-0.993,0.081,0.807,0.112,2
0,0,1,0,0,0.996,0.095,0.853,0.052,3
0,0,1,0,0,0.998,0.144,0.782,0.074,3
-0.296,0,0.82,0.18,0,0.997,0.124,0.819,0.057,2
0,0,1,0,0,-0.153,0.062,0.881,0.056,2
0.188,0.308,0.428,0.263,0,-1,0.059,0.729,0.213,2
0.402,0.231,0.769,0,0,0.987,0.08,0.866,0.053,4
0.511,0.231,0.769,0,0,-0.995,0.044,0.822,0.134,2
-0.71,0,0.71,0.29,0,-0.999,0.066,0.797,0.137,6
0.511,0.248,0.752,0,0,0.989,0.105,0.832,0.063,4
-0.44,0,0.775,0.225,0,0.922,0.09,0.832,0.079,3
0,0,1,0,0,0.994,0.091,0.855,0.055,7
-0.818,0,0.545,0.455,0,-0.997,0.05,0.831,0.119,3
-0.226,0,0.826,0.174,0,0,0,1,0,0
0.557,0.265,0.735,0,0,-0.999,0.064,0.785,0.151,2
0,0,1,0,0,-0.937,0.063,0.854,0.083,3
0,0,1,0,0,-0.978,0.064,0.84,0.096,0
-0.572,0,0.748,0.252,0,0.99,0.103,0.826,0.071,6
-0.382,0,0.66,0.34,0,-0.996,0.097,0.763,0.14,2
0,0,1,0,0,0.995,0.11,0.864,0.025,4
0.077,0.126,0.874,0,0,-0.999,0.086,0.751,0.164,4
0,0,1,0,0,-0.977,0.105,0.771,0.125,5
0.077,0.115,0.885,0,0,-0.989,0.017,0.889,0.094,2
-0.649,0,0.654,0.346,0,-0.998,0.047,0.813,0.14,0
-0.361,0,0.828,0.172,0,-0.949,0.071,0.847,0.082,6
-0.382,0,0.755,0.245,0,0,0,1,0,0
0,0,1,0,0,0,0,1,0,0
-0.7,0,0.508,0.492,0,-1,0.08,0.721,0.199,1
0,0,1,0,0,0.784,0.088,0.828,0.084,2
-0.477,0,0.721,0.279,0,-0.925,0.063,0.869,0.068,6
0.791,0.5,0.342,0.158,0,-0.904,0.067,0.86,0.073,4
0,0,1,0,0,-0.993,0.089,0.788,0.123,3
-0.765,0,0.515,0.485,0,-0.997,0.057,0.797,0.146,3
0,0,1,0,0,0.943,0.063,0.892,0.045,3
-0.691,0,0.637,0.363,0,-0.998,0.068,0.782,0.15,5
-0.691,0,0.515,0.485,0,-0.999,0.05,0.803,0.147,3
-0.542,0,0.609,0.391,0,-0.128,0.068,0.853,0.079,2
-0.477,0,0.807,0.193,0,-0.996,0.074,0.815,0.111,0
-0.494,0,0.758,0.242,0,-0.957,0.073,0.832,0.095,3
-0.421,0,0.781,0.219,0,-0.896,0.072,0.841,0.087,0
0,0,1,0,0,-0.999,0.059,0.82,0.121,6
0,0,1,0,0,-0.106,0.073,0.85,0.076,0
0.128,0.158,0.842,0,0,0.989,0.072,0.878,0.05,5
0,0,1,0,0,-0.964,0.092,0.802,0.105,5
0,0,1,0,0,-0.852,0.03,0.928,0.042,1
-0.103,0,0.851,0.149,0,-0.998,0.065,0.802,0.132,2
0,0,1,0,0,-0.996,0.097,0.775,0.128,8
-0.796,0,0.526,0.474,0,-1,0.059,0.787,0.154,5
0,0,1,0,0,0,0,1,0,0
0,0,1,0,0,0,0,1,0,0
0,0,1,0,0,-0.996,0.065,0.819,0.116,3
0.026,0.243,0.522,0.235,0,-0.999,0.053,0.835,0.112,7
0.557,0.265,0.735,0,0,-0.992,0.085,0.809,0.106,5
-0.318,0,0.796,0.204,0,-0.989,0.056,0.873,0.071,8
-0.625,0,0.638,0.362,0,0.987,0.107,0.806,0.086,5
-0.153,0,0.833,0.167,0,-0.97,0.056,0.873,0.071,5
-0.401,0,0.748,0.252,0,-0.925,0.037,0.888,0.074,0
-0.34,0,0.745,0.255,0,0,0,1,0,0
-0.807,0,0.523,0.477,0,-0.999,0.084,0.762,0.154,5
0,0,1,0,0,0.988,0.089,0.844,0.067,4
0,0,1,0,0,-0.997,0.044,0.874,0.081,6
-0.511,0,0.708,0.292,0,0.141,0.061,0.879,0.06,1
0.34,0.25,0.606,0.144,0,-0.996,0.076,0.808,0.116,4
0.402,0.213,0.787,0,0,0.997,0.123,0.795,0.082,4
0.38,0.302,0.698,0,0,0.982,0.109,0.802,0.089,2
0.421,0.352,0.493,0.155,0,-0.949,0.048,0.893,0.059,10
0,0,1,0,0,0.999,0.159,0.779,0.062,6
-0.296,0,0.804,0.196,0,-0.994,0.052,0.863,0.085,5
0,0,1,0,0,0,0,1,0,0
0,0,1,0,0,-0.997,0.034,0.857,0.109,2
0.25,0.133,0.867,0,0,0.957,0.086,0.865,0.049,1
-0.318,0,0.723,0.277,0,-0.439,0.074,0.849,0.077,4
-0.625,0,0.661,0.339,0,-0.999,0.033,0.866,0.101,3
-0.459,0,0.727,0.273,0,0.994,0.085,0.875,0.039,5
-0.557,0,0.714,0.286,0,-0.999,0.048,0.788,0.164,2
0,0,1,0,0,0.999,0.125,0.815,0.06,7
-0.178,0,0.841,0.159,0,0.982,0.085,0.85,0.065,9
0,0,1,0,0,0.997,0.087,0.865,0.048,4
0,0,1,0,0,0.94,0.063,0.916,0.022,0
-0.057,0,0.914,0.086,0,0.934,0.064,0.88,0.055,4
-0.318,0,0.813,0.187,0,-0.995,0.072,0.81,0.118,2
0,0,1,0,0,0.213,0.058,0.887,0.055,0
-0.026,0.217,0.629,0.154,0,-0.979,0.107,0.777,0.117,7
-0.34,0,0.806,0.194,0,0.99,0.087,0.857,0.056,8
0,0,1,0,0,-0.95,0.079,0.823,0.098,4
-0.402,0,0.769,0.231,0,-0.998,0.017,0.882,0.101,3
-0.654,0,0.651,0.349,1,-0.999,0.054,0.799,0.147,5
-0.318,0,0.796,0.204,0,-0.993,0.056,0.819,0.125,4
-0.077,0,0.894,0.106,0,0.988,0.091,0.841,0.068,7
-0.691,0,0.551,0.449,0,-0.987,0.044,0.867,0.089,4
-0.026,0.221,0.491,0.288,0,-0.466,0.085,0.823,0.092,0
0,0,1,0,0,0.999,0.117,0.863,0.02,10
0.103,0.149,0.851,0,0,-0.995,0.059,0.81,0.132,1
0.758,0.371,0.629,0,0,0.998,0.119,0.812,0.069,7
-0.691,0,0.637,0.363,0,0.957,0.106,0.801,0.093,3
-0.66,0,0.625,0.375,0,-0.996,0.041,0.797,0.162,0
-0.625,0,0.638,0.362,0,-1,0.053,0.775,0.172,9
0,0,1,0,0,-1,0.073,0.775,0.152,5
0.586,0.275,0.725,0,0,0.984,0.073,0.874,0.053,3
-0.869,0,0.449,0.551,0,-0.963,0.082,0.822,0.097,5
0,0,1,0,0,0.807,0.05,0.917,0.033,1
-0.403,0.137,0.559,0.305,0,0.993,0.1,0.827,0.073,7
0,0,1,0,0,-0.651,0.078,0.836,0.085,5
0.459,0.267,0.733,0,0,-0.784,0.079,0.846,0.076,1
-0.296,0,0.833,0.167,0,0.953,0.067,0.883,0.05,1
-0.382,0,0.658,0.342,0,-0.996,0.025,0.834,0.141,1
-0.103,0.187,0.533,0.28,0,-0.946,0.07,0.852,0.078,3
0.325,0.226,0.774,0,0,-0.949,0.075,0.834,0.09,6
-0.852,0,0.491,0.509,0,-0.984,0.049,0.823,0.128,2
0.153,0.215,0.615,0.169,0,-0.989,0.057,0.84,0.102,2
-0.681,0,0.476,0.524,0,-0.999,0.032,0.895,0.073,4
-0.557,0,0.66,0.34,0,-0.999,0.068,0.755,0.177,2
-0.44,0,0.756,0.244,0,-0.997,0.048,0.826,0.126,3
-0.34,0,0.844,0.156,0,-0.999,0.083,0.764,0.153,8
0.477,0.325,0.508,0.168,0,0.358,0.125,0.752,0.123,2
0.599,0.302,0.698,0,0,-0.99,0.056,0.858,0.086,3
0,0,1,0,0,0.842,0.087,0.832,0.081,7
-0.44,0,0.674,0.326,0,-0.993,0.079,0.789,0.131,3
0,0,1,0,0,-0.994,0.044,0.892,0.064,4
-0.206,0,0.858,0.142,0,-0.857,0.064,0.862,0.074,4
-0.296,0,0.784,0.216,0,0,0,1,0,0
-0.128,0.234,0.426,0.34,0,0,0,1,0,0
-0.226,0,0.759,0.241,0,0,0,1,0,0
0,0,1,0,0,-0.965,0.081,0.822,0.097,4
-0.494,0,0.625,0.375,0,-0.996,0.086,0.783,0.131,3
0,0,1,0,0,-0.989,0.033,0.899,0.068,1
-0.354,0,0.802,0.198,0,-0.994,0.031,0.878,0.091,0
-0.226,0,0.853,0.147,0,-1,0.068,0.756,0.177,5
-0.34,0,0.806,0.194,0,-0.997,0.038,0.838,0.125,0
-0.382,0,0.794,0.206,0,-0.946,0.046,0.902,0.053,2
-0.477,0,0.744,0.256,0,-0.999,0.056,0.821,0.123,8
-0.758,0,0.545,0.455,0,-0.996,0.086,0.801,0.113,10
0.778,0.382,0.618,0,0,0.999,0.144,0.83,0.025,2
-0.226,0,0.678,0.322,0,0,0,1,0,0
-0.542,0,0.696,0.304,0,0,0,1,0,0
-0.318,0,0.777,0.223,0,-0.926,0.083,0.832,0.086,2
-0.832,0,0.606,0.394,0,-0.999,0.097,0.738,0.164,6
-0.586,0.105,0.565,0.331,0,-1,0.065,0.722,0.214,7
0.557,0.231,0.769,0,0,0.945,0.068,0.885,0.047,2
-0.691,0,0.719,0.281,0,-0.988,0.038,0.88,0.082,4
-0.599,0,0.719,0.281,0,-0.991,0.065,0.833,0.102,4
0.178,0.307,0.491,0.202,0,0.941,0.063,0.894,0.043,1
-0.273,0.136,0.64,0.224,0,-0.98,0.085,0.809,0.105,2
-0.44,0,0.734,0.266,0,0.95,0.113,0.789,0.098,4
0,0,1,0,0,0.982,0.094,0.832,0.075,10
-0.557,0,0.705,0.295,0,-0.99,0.048,0.867,0.084,2
-0.155,0.194,0.556,0.25,0,-0.343,0.025,0.946,0.03,1
0,0,1,0,0,0.98,0.078,0.873,0.049,1
-0.361,0.137,0.581,0.282,1,0.813,0.104,0.799,0.097,3
-0.625,0,0.709,0.291,0,0.988,0.125,0.793,0.082,5
0,0,1,0,0,0.992,0.097,0.839,0.064,3
0,0,1,0,0,0.998,0.099,0.83,0.071,8
-0.649,0.178,0.31,0.512,0,-0.999,0.09,0.726,0.184,2
-0.542,0,0.64,0.36,0,-0.995,0.056,0.841,0.104,4
-0.511,0,0.752,0.248,0,-0.956,0.056,0.873,0.071,2
-0.807,0,0.354,0.646,0,-1,0.051,0.71,0.239,5
0,0,1,0,0,0.967,0.058,0.903,0.04,2
0.572,0.316,0.684,0,0,0.995,0.086,0.87,0.044,8
0,0,1,0,0,0,0,1,0,0
0,0,1,0,0,0.915,0.102,0.803,0.095,8
-0.599,0,0.672,0.328,0,-0.999,0.045,0.8,0.155,3
0,0,1,0,0,-0.963,0.063,0.854,0.082,2
-0.494,0,0.775,0.225,0,-0.994,0.053,0.845,0.102,0
-0.758,0,0.581,0.419,0,-1,0.04,0.86,0.099,8
0.718,0.429,0.571,0,0,0.999,0.135,0.791,0.073,7
0,0,1,0,0,0.691,0.07,0.876,0.054,1
-0.273,0,0.84,0.16,0,-0.998,0.08,0.783,0.138,1
0.44,0.244,0.756,0,0,0.999,0.121,0.831,0.048,4
-0.026,0.276,0.442,0.282,0,-0.994,0.056,0.846,0.098,3
-0.382,0.225,0.435,0.341,0,-0.998,0.09,0.783,0.127,2
0.128,0.176,0.824,0,0,-0.993,0.057,0.814,0.13,1
-0.743,0,0.559,0.441,0,-0.922,0.066,0.852,0.082,2
-0.625,0,0.76,0.24,0,0.999,0.145,0.805,0.05,4
0.377,0.244,0.756,0,0,0.911,0.04,0.931,0.028,5
-0.44,0,0.633,0.367,0,-1,0.055,0.755,0.189,7
0,0,1,0,0,-0.999,0.057,0.803,0.14,3
-0.572,0,0.68,0.32,0,-0.999,0.046,0.818,0.136,3
0,0,1,0,0,0.977,0.075,0.867,0.058,6
0,0,1,0,0,0,0,1,0,0
0.511,0.261,0.559,0.18,0,0,0,1,0,0
-0.25,0,0.75,0.25,0,0,0,1,0,0
-0.34,0,0.789,0.211,0,-0.955,0.058,0.868,0.074,4
0.625,0.459,0.541,0,0,0.875,0.083,0.85,0.067,0
-0.527,0,0.672,0.328,0,-1,0.074,0.76,0.166,4
-0.341,0,0.789,0.211,0,0.996,0.089,0.851,0.059,10
0.718,0.429,0.571,0,0,0.984,0.066,0.894,0.04,2
0.718,0.462,0.538,0,0,0.964,0.074,0.877,0.049,1
0,0,1,0,0,-0.991,0.067,0.843,0.09,6
0.153,0.288,0.505,0.207,0,-0.983,0.107,0.773,0.12,3
-0.421,0,0.797,0.203,0,-0.95,0.087,0.803,0.11,0
0.872,0.524,0.476,0,0,0.99,0.085,0.878,0.037,1
0.421,0.259,0.741,0,0,0.982,0.114,0.787,0.099,7
0,0,1,0,0,-0.98,0.05,0.864,0.086,3
-0.557,0,0.735,0.265,0,-0.951,0.071,0.843,0.086,3
-0.511,0,0.82,0.18,0,0.954,0.111,0.79,0.099,3
0,0,1,0,0,0.993,0.112,0.813,0.075,8
-0.625,0,0.661,0.339,0,-0.984,0.061,0.846,0.092,5
-0.382,0.141,0.513,0.346,0,-0.901,0.078,0.832,0.089,8
-0.226,0,0.759,0.241,0,0.98,0.107,0.811,0.082,4
0,0,1,0,0,0.987,0.107,0.814,0.079,4
-0.751,0.1,0.308,0.592,0,-0.999,0.028,0.791,0.182,4
-0.625,0,0.494,0.506,0,-0.992,0.062,0.855,0.083,2
0,0,1,0,0,0.936,0.063,0.917,0.02,0
-0.103,0.16,0.638,0.202,0,-0.999,0.061,0.814,0.126,3
0.607,0.306,0.694,0,0,-0.953,0.068,0.859,0.073,7
-0.637,0.13,0.435,0.435,0,-0.992,0.048,0.879,0.073,3
0,0,1,0,0,-0.994,0.062,0.819,0.119,2
-0.226,0,0.826,0.174,0,-0.995,0.065,0.785,0.15,3
0,0,1,0,0,0.988,0.106,0.841,0.054,1
0,0,1,0,0,-0.995,0.082,0.776,0.142,2
0.241,0.179,0.821,0,0,0.954,0.065,0.885,0.05,3
-0.402,0,0.787,0.213,0,0.266,0.104,0.797,0.099,3
0.44,0.244,0.756,0,0,0,0,1,0,0
0.557,0.341,0.529,0.129,0,-0.917,0.089,0.818,0.093,9
-0.382,0,0.735,0.265,0,-0.999,0.051,0.822,0.127,6
0.361,0.217,0.783,0,0,0.997,0.097,0.857,0.046,7
-0.128,0,0.824,0.176,0,0.949,0.067,0.882,0.051,3
-0.296,0.125,0.662,0.213,0,-0.36,0.084,0.833,0.083,3
0.128,0.158,0.842,0,0,0.996,0.125,0.802,0.074,4
-0.477,0,0.709,0.291,0,-0.982,0.091,0.803,0.106,8
-0.382,0,0.755,0.245,0,-0.921,0.064,0.857,0.079,3
0,0,1,0,0,0.897,0.077,0.851,0.072,1
0.586,0.297,0.703,0,0,0.992,0.074,0.873,0.053,3
0,0,1,0,0,0.494,0.112,0.783,0.104,5
0,0,1,0,0,-0.976,0.07,0.832,0.098,0
-0.402,0.159,0.531,0.31,0,-0.904,0.123,0.757,0.121,5
-0.743,0.088,0.4,0.512,0,-0.991,0.106,0.778,0.116,7
-0.477,0,0.617,0.383,0,-0.997,0.099,0.761,0.14,6
0.128,0.209,0.62,0.171,0,0.087,0.069,0.868,0.063,1
-0.511,0,0.619,0.381,0,0.987,0.079,0.871,0.051,6
0.459,0.273,0.727,0,0,-0.991,0.066,0.841,0.093,1
0,0,1,0,0,0,0,1,0,0
0,0,1,0,0,0,0,1,0,0
-0.318,0,0.777,0.223,0,0,0,1,0,0
0.625,0.389,0.611,0,0,-0.938,0.081,0.835,0.084,6
-0.178,0,0.825,0.175,0,0.997,0.095,0.843,0.062,8
-0.9,0,0.368,0.632,0,-0.992,0.056,0.843,0.101,1
0,0,1,0,0,0.962,0.092,0.825,0.082,6
-0.153,0.169,0.625,0.206,0,-0.711,0.078,0.838,0.084,2
0,0,1,0,0,0,0,1,0,0
-0.67,0,0.522,0.478,0,0,0,1,0,0
-0.557,0.118,0.592,0.289,0,-0.999,0.091,0.704,0.205,3
-0.7,0,0.58,0.42,0,-0.999,0.049,0.777,0.174,1
0,0,1,0,1,-0.987,0.03,0.892,0.078,3
0,0,1,0,0,-0.997,0.035,0.837,0.128,0
0,0,1,0,0,-0.997,0.059,0.845,0.096,7
-0.477,0,0.728,0.272,0,0.997,0.1,0.836,0.064,4
-0.557,0,0.714,0.286,0,-0.99,0.041,0.886,0.073,1
-0.421,0,0.641,0.359,0,-0.998,0.057,0.791,0.152,5
-0.818,0,0.485,0.515,0,-0.999,0.073,0.781,0.146,14
-0.813,0,0.519,0.481,0,-0.982,0.105,0.769,0.127,2
0.25,0.222,0.778,0,0,-0.992,0.075,0.82,0.105,5
-0.296,0,0.833,0.167,0,-0.989,0.045,0.848,0.108,2
-0.153,0,0.862,0.138,0,-0.989,0.071,0.835,0.095,7
-0.681,0,0.588,0.412,0,-0.989,0.087,0.778,0.135,4
0,0,1,0,0,-0.997,0.048,0.847,0.104,4
-0.296,0,0.784,0.216,0,-0.99,0.059,0.857,0.084,4
0,0,1,0,0,0,0,1,0,0
-0.681,0,0.517,0.483,0,0,0,1,0,0
-0.296,0,0.761,0.239,0,-0.999,0.059,0.809,0.131,3
0,0,1,0,0,-0.26,0.062,0.865,0.072,2
0,0,1,0,0,-0.998,0.079,0.792,0.129,6
0.494,0.412,0.588,0,0,0.996,0.139,0.765,0.096,4
-0.361,0,0.706,0.294,0,-0.964,0.073,0.842,0.085,5
-0.557,0.11,0.588,0.301,0,-0.992,0.05,0.852,0.098,1
-0.572,0,0.684,0.316,0,-0.999,0.062,0.802,0.135,7
0.296,0.196,0.804,0,0,0.999,0.16,0.796,0.044,3
0,0,1,0,0,0,0,1,0,0
0.542,0.381,0.476,0.143,1,0.998,0.095,0.868,0.037,5
-0.361,0,0.783,0.217,0,-0.997,0.071,0.828,0.101,3
-0.128,0,0.857,0.143,0,-0.997,0.054,0.847,0.099,8
0.09,0.134,0.756,0.11,1,0.981,0.082,0.875,0.043,4
-0.844,0,0.468,0.532,0,-0.999,0.07,0.796,0.134,7
-0.542,0,0.667,0.333,0,-0.998,0.063,0.779,0.158,2
-0.557,0,0.705,0.295,0,-0.994,0.09,0.774,0.135,6
-0.318,0,0.753,0.247,0,0.926,0.095,0.841,0.064,0
-0.052,0.185,0.616,0.199,0,-0.8,0.072,0.85,0.078,2
0,0,1,0,0,0,0,1,0,0
-0.25,0,0.667,0.333,0,0,0,1,0,0
-0.226,0,0.826,0.174,0,-0.971,0.079,0.829,0.092,2
-0.649,0,0.677,0.323,0,-0.988,0.1,0.757,0.143,1
-0.402,0,0.69,0.31,0,-0.988,0.042,0.886,0.073,5
-0.572,0.117,0.482,0.401,1,-0.938,0.077,0.833,0.09,4
-0.572,0,0.709,0.291,0,0.977,0.115,0.79,0.095,7
0.44,0.367,0.633,0,0,-0.689,0.043,0.914,0.043,3
-0.778,0,0.57,0.43,0,0.177,0.081,0.842,0.077,6
-0.751,0,0.556,0.444,0,-0.99,0.056,0.835,0.109,4
0.226,0.213,0.787,0,0,0,0,1,0,0
0.665,0.476,0.524,0,1,0.996,0.151,0.786,0.062,3
-0.382,0,0.69,0.31,0,-0.999,0.061,0.796,0.143,3
0,0,1,0,0,0,0,1,0,0
-0.226,0,0.787,0.213,0,0,0,1,0,0
0.44,0.266,0.734,0,0,0,0,1,0,0
-0.34,0,0.789,0.211,0,-0.999,0.061,0.805,0.134,6
0,0,1,0,0,-0.957,0.108,0.76,0.131,3
-0.477,0,0.659,0.341,0,0.668,0.085,0.839,0.076,4
-0.691,0,0.551,0.449,0,-0.986,0.035,0.836,0.129,2
0,0,1,0,0,0.038,0.078,0.849,0.073,3
0,0,1,0,0,0.981,0.087,0.87,0.043,5
-0.557,0,0.714,0.286,0,-0.953,0.111,0.777,0.112,8
-0.153,0.141,0.652,0.207,0,-0.999,0.071,0.771,0.159,3
-0.586,0,0.743,0.257,0,-0.997,0.063,0.816,0.121,2
0,0,1,0,0,-0.998,0.089,0.791,0.121,4
-0.527,0,0.614,0.386,0,0,0,1,0,0
-0.103,0.196,0.58,0.225,0,0.898,0.066,0.873,0.061,4
-0.625,0,0.745,0.255,0,0.974,0.112,0.79,0.098,7
0.477,0.339,0.661,0,0,-0.98,0.065,0.85,0.085,4
-0.035,0,0.876,0.124,0,-0.922,0.097,0.8,0.103,7
-0.226,0,0.826,0.174,0,-1,0.072,0.771,0.158,11
0.382,0.224,0.776,0,0,-0.866,0.089,0.823,0.087,8
-0.649,0,0.538,0.462,0,-0.997,0.043,0.751,0.206,3
0,0,1,0,0,-0.999,0.086,0.799,0.115,10
0,0,1,0,0,0,0,1,0,0
0.178,0.307,0.491,0.202,0,0.971,0.089,0.848,0.063,0
0.527,0.423,0.577,0,0,-0.906,0.081,0.837,0.082,1
-0.128,0,0.857,0.143,0,0.565,0.063,0.881,0.056,3
0,0,1,0,0,0.996,0.129,0.791,0.08,7
0,0,1,0,0,-0.999,0.077,0.774,0.148,6
-0.226,0,0.826,0.174,0,-0.997,0.053,0.833,0.114,0
-0.625,0,0.631,0.369,0,-0.917,0.069,0.855,0.075,4
0,0,1,0,0,-0.695,0.042,0.903,0.054,1
0.542,0.241,0.759,0,0,0.845,0.09,0.862,0.048,0
0.459,0.325,0.526,0.149,0,0.983,0.118,0.783,0.099,5
0,0,1,0,0,0,0,1,0,0
0.572,0.481,0.519,0,0,0,0,1,0,0
0,0,1,0,0,0,0,1,0,0
-0.637,0,0.634,0.366,0,-0.962,0.065,0.851,0.085,3
0,0,1,0,0,-0.989,0.06,0.854,0.085,3
-0.318,0,0.796,0.204,0,0.953,0.099,0.822,0.078,1
0,0,1,0,0,-0.978,0.042,0.889,0.069,1
-0.807,0,0.52,0.48,0,-0.991,0.049,0.871,0.08,2
-0.881,0,0.465,0.535,0,0,0,1,0,0
0.637,0.244,0.756,0,0,-0.996,0.076,0.812,0.112,9
-0.71,0,0.543,0.457,0,-0.994,0.096,0.733,0.171,3
-0.881,0,0.465,0.535,0,-0.978,0.05,0.849,0.101,2
0,0,1,0,0,0.832,0.054,0.904,0.042,3
0,0,1,0,0,-0.855,0.045,0.895,0.06,0
-0.34,0.154,0.588,0.257,0,0.992,0.111,0.816,0.073,2
-0.44,0,0.734,0.266,0,-0.962,0.087,0.815,0.098,2
0,0,1,0,0,-0.904,0.042,0.893,0.065,0
0.494,0.262,0.738,0,0,0.957,0.096,0.829,0.075,3
0,0,1,0,0,-0.475,0.106,0.789,0.104,4
-0.649,0,0.583,0.417,0,-0.978,0.051,0.842,0.106,0
0,0,1,0,0,-0.991,0.085,0.814,0.101,8
0,0,1,0,0,-0.999,0.052,0.793,0.155,3
0,0,1,0,0,0.996,0.102,0.835,0.063,6
0,0,1,0,0,-0.998,0.077,0.79,0.133,2
-0.67,0,0.571,0.429,0,0,0,1,0,0
-0.625,0,0.631,0.369,0,0.993,0.138,0.754,0.108,6
-0.052,0.189,0.606,0.205,0,-0.999,0.09,0.764,0.146,7
0,0,1,0,0,0.995,0.085,0.885,0.03,8
0,0,1,0,0,0.993,0.099,0.847,0.054,5
0,0,1,0,0,-0.953,0.043,0.894,0.063,3
0.494,0.313,0.549,0.137,0,0.976,0.088,0.844,0.068,2
0.226,0.174,0.826,0,0,0.994,0.116,0.795,0.09,4
-0.382,0,0.69,0.31,0,-0.999,0.052,0.775,0.173,4
0.296,0.342,0.435,0.223,0,-0.957,0.099,0.782,0.119,2
-0.813,0.159,0.22,0.621,0,0.509,0.073,0.853,0.075,7
0.572,0.27,0.73,0,0,0.478,0.073,0.864,0.062,3
-0.226,0,0.787,0.213,0,0.985,0.109,0.819,0.073,1
-0.44,0,0.756,0.244,0,-0.998,0.05,0.808,0.142,3
-0.459,0,0.769,0.231,0,-0.994,0.071,0.814,0.115,6
-0.296,0,0.82,0.18,0,-0.991,0.064,0.822,0.113,4
0,0,1,0,0,-0.988,0.072,0.829,0.098,5
0.214,0.209,0.791,0,1,0.997,0.131,0.791,0.078,9
-0.477,0,0.617,0.383,0,0,0,1,0,0
0,0,1,0,0,0,0,1,0,0
-0.103,0,0.833,0.167,0,0,0,1,0,0
0,0,1,0,0,0.949,0.094,0.836,0.07,4
-0.893,0,0.483,0.517,0,-0.999,0.04,0.812,0.148,4
0,0,1,0,0,-0.998,0.058,0.837,0.105,6
-0.691,0,0.637,0.363,0,-0.998,0.069,0.816,0.115,5
-0.649,0,0.719,0.281,0,-0.612,0.061,0.881,0.058,2
-0.625,0,0.687,0.313,0,-0.99,0.068,0.805,0.127,1
-0.681,0,0.616,0.384,0,-1,0.058,0.795,0.147,7
-0.226,0,0.787,0.213,0,-0.977,0.077,0.803,0.121,4
-0.637,0,0.536,0.464,0,0,0,1,0,0
0.382,0.206,0.794,0,0,-0.556,0.083,0.834,0.083,2
-0.401,0,0.788,0.212,0,-0.983,0.036,0.895,0.07,2
0.361,0.2,0.8,0,0,0.985,0.056,0.901,0.044,7
-0.791,0,0.5,0.5,0,-0.996,0.027,0.839,0.134,2
-0.318,0,0.813,0.187,0,-0.97,0.072,0.839,0.09,2
0.052,0.178,0.658,0.164,0,0.998,0.094,0.888,0.019,3
0,0,1,0,0,0.948,0.061,0.886,0.053,7
0.103,0.113,0.887,0,0,0.862,0.078,0.865,0.057,2
0.226,0.274,0.531,0.195,0,-0.886,0.04,0.899,0.061,2
0.402,0.172,0.828,0,0,0.999,0.137,0.811,0.052,2
-0.226,0,0.826,0.174,0,0.979,0.096,0.839,0.065,0
0.494,0.314,0.686,0,0,0,0,1,0,0
-0.421,0.141,0.625,0.234,0,-0.999,0.07,0.789,0.141,6
-0.296,0,0.833,0.167,0,0.8,0.061,0.882,0.057,2
0.052,0.154,0.705,0.141,0,0.997,0.085,0.872,0.043,3
0,0,1,0,0,-0.966,0.062,0.846,0.092,0
-0.511,0,0.732,0.268,0,-0.993,0.044,0.891,0.065,6
-0.459,0,0.636,0.364,0,-0.982,0.048,0.857,0.094,2
-0.226,0.096,0.741,0.163,0,-0.927,0.059,0.873,0.068,2
0,0,1,0,0,0.981,0.094,0.842,0.065,5
0,0,1,0,0,0.782,0.098,0.82,0.082,2
0,0,1,0,0,0,0,1,0,0
0.557,0.338,0.662,0,0,1,0.182,0.783,0.035,6
-0.802,0,0.556,0.444,0,-0.998,0.009,0.896,0.094,1
0.649,0.398,0.602,0,0,-0.896,0.087,0.817,0.096,1
0,0,1,0,0,0.993,0.108,0.825,0.066,2
0.705,0.381,0.516,0.103,1,0.996,0.108,0.82,0.072,5
-0.296,0.246,0.328,0.426,0,-0.977,0.092,0.796,0.112,3
-0.557,0.098,0.606,0.295,0,0.979,0.077,0.873,0.05,2
0,0,1,0,0,0.991,0.09,0.86,0.05,3
0.153,0.238,0.574,0.189,0,-0.84,0.072,0.855,0.073,4
-0.318,0,0.796,0.204,0,0,0,1,0,0
0.178,0.221,0.779,0,0,0.986,0.117,0.802,0.081,4
-0.494,0,0.738,0.262,0,-0.985,0.04,0.844,0.116,0
-0.361,0,0.737,0.263,0,-0.98,0.082,0.807,0.111,1
0,0,1,0,0,0.593,0.037,0.934,0.029,1
0,0,1,0,0,-0.944,0.048,0.857,0.095,2
0,0,1,0,0,-0.948,0.051,0.878,0.071,3
-0.103,0,0.877,0.123,0,-0.844,0.107,0.786,0.106,1
-0.103,0,0.877,0.123,0,-0.999,0.035,0.851,0.114,6
0.586,0.275,0.725,0,0,-0.998,0.059,0.827,0.114,5
-0.44,0,0.818,0.182,0,-0.973,0.046,0.893,0.061,2
-0.34,0,0.714,0.286,0,-0.998,0.04,0.799,0.162,2
-0.785,0,0.504,0.496,0,-0.999,0.055,0.769,0.176,5
-0.382,0,0.755,0.245,0,0.952,0.059,0.891,0.05,7
-0.477,0,0.549,0.451,0,-0.984,0.032,0.894,0.074,1
-0.296,0,0.845,0.155,0,-0.958,0.066,0.851,0.084,2
0,0,1,0,0,0.976,0.072,0.875,0.053,4
0,0,1,0,0,0.605,0.113,0.785,0.103,3
-0.153,0.172,0.603,0.224,0,-0.944,0.051,0.871,0.079,3
-0.625,0,0.661,0.339,0,-0.996,0.101,0.752,0.147,8
0,0,1,0,0,-0.826,0.057,0.878,0.066,2
-0.599,0,0.719,0.281,0,-0.996,0.047,0.873,0.08,4
0,0,1,0,0,-1,0.084,0.722,0.193,7
-0.494,0.209,0.38,0.411,0,-0.994,0.072,0.8,0.128,3
0.691,0.427,0.573,0,0,-0.948,0.074,0.816,0.109,2
0,0,1,0,0,-0.985,0.065,0.834,0.101,3
-0.832,0,0.443,0.557,0,0.968,0.09,0.847,0.064,0
0.459,0.273,0.584,0.143,0,0.99,0.079,0.894,0.027,2
-0.772,0,0.544,0.456,0,0.016,0.072,0.856,0.071,3
0.402,0.213,0.787,0,0,0.796,0.091,0.825,0.084,7
0.052,0.146,0.854,0,0,-0.998,0.062,0.821,0.117,7
0.402,0.197,0.803,0,0,0.97,0.078,0.863,0.059,3
-0.25,0,0.833,0.167,0,0.865,0.094,0.814,0.091,3
-0.586,0.073,0.667,0.26,0,-1,0.075,0.731,0.194,10
0.681,0.412,0.588,0,0,0.967,0.099,0.823,0.079,3
-0.34,0.162,0.556,0.283,0,-0.996,0.089,0.79,0.121,3
-0.572,0,0.73,0.27,0,-0.93,0.068,0.856,0.076,7
0.527,0.254,0.746,0,0,0.587,0.025,0.949,0.026,3
-0.402,0,0.69,0.31,0,-0.861,0.034,0.913,0.053,0
-0.25,0,0.818,0.182,0,0.983,0.119,0.789,0.092,2
0.421,0.286,0.714,0,0,-0.989,0.067,0.842,0.092,3
0.039,0.113,0.887,0,1,0.991,0.073,0.906,0.021,6
-0.202,0.109,0.725,0.167,0,-0.664,0.084,0.829,0.087,4
0,0,1,0,0,-0.972,0.065,0.846,0.089,3
0,0,1,0,0,-0.963,0.065,0.843,0.092,2
-0.361,0,0.737,0.263,0,0,0,1,0,0
-0.67,0,0.667,0.333,0,-0.991,0.037,0.825,0.137,0
0,0,1,0,0,0.608,0.05,0.902,0.048,0
0,0,1,0,0,0.999,0.111,0.862,0.027,3
-0.612,0,0.615,0.385,0,-0.991,0.04,0.89,0.07,3
-0.477,0,0.594,0.406,0,-0.988,0.054,0.864,0.082,0
0.638,0.321,0.679,0,0,0.988,0.106,0.805,0.088,3
0.44,0.266,0.734,0,0,-0.999,0.088,0.772,0.14,10
0.052,0.261,0.493,0.246,0,-0.968,0.035,0.896,0.069,1
-0.735,0,0.53,0.47,0,-1,0.075,0.777,0.149,9
-0.402,0,0.722,0.278,0,0,0,1,0,0
0.25,0.199,0.663,0.139,0,0.996,0.087,0.861,0.052,6
-0.649,0,0.65,0.35,0,-0.994,0.047,0.843,0.11,3
-0.612,0,0.583,0.417,0,-0.998,0.047,0.866,0.087,7
0.758,0.448,0.552,0,0,-0.996,0.076,0.802,0.122,6
0,0,1,0,0,0.67,0.09,0.828,0.083,2
0.052,0.19,0.635,0.175,0,-0.932,0.068,0.84,0.092,5
0,0,1,0,0,-0.99,0.072,0.831,0.096,3
0.511,0.355,0.645,0,0,-0.979,0.087,0.799,0.114,3
0,0,1,0,0,0.995,0.08,0.874,0.046,5
-0.318,0,0.753,0.247,0,-0.989,0.039,0.812,0.15,1
0,0,1,0,0,-0.999,0.06,0.807,0.133,4
0.572,0.316,0.684,0,1,-0.806,0.054,0.88,0.065,2
0.402,0.184,0.816,0,0,0.956,0.13,0.761,0.11,3
0,0,1,0,0,0.808,0.072,0.86,0.067,0
-0.542,0,0.759,0.241,0,-0.977,0.075,0.833,0.092,0
0,0,1,0,0,0.66,0.071,0.86,0.069,12
-0.494,0,0.556,0.444,0,0,0,1,0,0
0,0,1,0,0,-0.993,0.039,0.869,0.092,3
-0.802,0,0.494,0.506,0,-0.998,0.065,0.746,0.189,2
-0.459,0,0.75,0.25,0,-0.998,0.077,0.759,0.164,1
-0.178,0,0.855,0.145,0,0.992,0.089,0.858,0.052,1
-0.557,0,0.66,0.34,0,-0.999,0.068,0.764,0.168,2
0,0,1,0,0,0.926,0.082,0.846,0.071,10
0.318,0.223,0.777,0,0,0,0,1,0,0
-0.807,0,0.354,0.646,0,-1,0.043,0.711,0.246,10
-0.557,0,0.625,0.375,0,-0.999,0.055,0.815,0.13,5
-0.66,0,0.645,0.355,0,-0.995,0.057,0.786,0.157,0
0,0,1,0,0,0.997,0.084,0.893,0.023,2
-0.735,0,0.617,0.383,0,-0.999,0.089,0.761,0.151,6
0.382,0.224,0.776,0,0,0.98,0.083,0.853,0.063,3
0,0,1,0,1,0.999,0.111,0.85,0.039,7
-0.153,0.18,0.6,0.22,0,-0.996,0.078,0.778,0.144,7
-0.526,0,0.639,0.361,0,0,0,1,0,0
-0.459,0,0.7,0.3,0,0.538,0.111,0.785,0.105,4
0,0,1,0,1,-0.997,0.092,0.768,0.14,4
-0.572,0,0.68,0.32,0,-0.573,0.079,0.837,0.084,5
-0.542,0.129,0.516,0.355,0,0.986,0.105,0.841,0.054,0
0.214,0.228,0.534,0.237,1,0.996,0.119,0.816,0.065,1
-0.382,0,0.755,0.245,0,0,0,1,0,0
0,0,1,0,0,-0.923,0.045,0.897,0.058,5
0.202,0.272,0.515,0.213,0,0.994,0.073,0.89,0.038,5
-0.625,0,0.728,0.272,0,-0.984,0.08,0.813,0.107,5
-0.625,0,0.687,0.313,0,-0.997,0.058,0.814,0.128,1
-0.772,0.148,0.383,0.469,0,-0.996,0.097,0.785,0.118,2
0.052,0.114,0.786,0.1,0,0.993,0.107,0.809,0.084,8
-0.822,0,0.513,0.487,0,-0.998,0.076,0.776,0.147,3
-0.494,0,0.714,0.286,0,0.961,0.093,0.83,0.077,11
-0.44,0,0.707,0.293,0,-0.998,0.059,0.79,0.152,1
0,0,1,0,0,0.994,0.081,0.89,0.029,4
0.077,0.199,0.621,0.18,0,0.875,0.089,0.831,0.079,5
-0.649,0,0.736,0.264,0,-0.895,0.09,0.819,0.091,7
-0.077,0.197,0.584,0.219,0,-0.984,0.059,0.842,0.099,1
0,0,1,0,0,0.847,0.045,0.916,0.039,6
0.103,0.142,0.741,0.117,0,0.056,0.056,0.885,0.059,2
-0.785,0,0.566,0.434,0,-0.998,0.062,0.796,0.142,6
0,0,1,0,0,0.406,0.068,0.863,0.069,3
0.511,0.403,0.432,0.165,0,-0.995,0.068,0.816,0.116,1
0,0,1,0,0,-0.322,0.06,0.885,0.056,0
-0.34,0,0.745,0.255,0,-0.997,0.057,0.842,0.101,0
0.128,0.231,0.769,0,0,0,0,1,0,0
-0.382,0,0.658,0.342,0,0,0,1,0,0
0.103,0.167,0.833,0,0,0.999,0.104,0.872,0.024,6
-0.052,0.223,0.536,0.241,0,0.996,0.097,0.846,0.056,2
-0.477,0,0.721,0.279,0,0.961,0.103,0.817,0.08,2
-0.527,0,0.746,0.254,0,-0.969,0.079,0.82,0.101,2
-0.67,0,0.71,0.29,0,-0.964,0.061,0.846,0.093,3
0,0,1,0,0,0.999,0.105,0.861,0.034,7
0.25,0.167,0.833,0,0,0.903,0.103,0.805,0.092,4
-0.477,0,0.693,0.307,0,-0.99,0.052,0.869,0.079,6
-0.494,0,0.686,0.314,0,0.947,0.109,0.795,0.095,15
0,0,1,0,0,0,0,1,0,0
0,0,1,0,0,0,0,1,0,0
0,0,1,0,0,-0.794,0.073,0.85,0.077,2
-0.226,0,0.826,0.174,0,-0.999,0.102,0.748,0.15,13
-0.807,0,0.491,0.509,0,-0.996,0.073,0.819,0.108,13
0,0,1,0,0,-0.978,0.06,0.848,0.092,0
-0.178,0.179,0.596,0.225,0,-0.973,0.061,0.827,0.112,3
0,0,1,0,0,-0.998,0.105,0.733,0.162,5
-0.67,0,0.476,0.524,0,-0.769,0.124,0.751,0.124,4
-0.856,0,0.455,0.545,0,-0.992,0.077,0.768,0.155,0
-0.34,0.138,0.615,0.246,0,0.999,0.106,0.85,0.045,3
-0.802,0,0.493,0.507,0,-0.998,0.06,0.767,0.172,4
-0.318,0.131,0.606,0.263,0,0,0,1,0,0
0.402,0.278,0.722,0,0,0.972,0.072,0.871,0.057,6
0,0,1,0,0,0.993,0.105,0.819,0.076,5
0,0,1,0,0,-0.979,0.057,0.872,0.07,4
-0.893,0,0.428,0.572,0,-1,0.078,0.698,0.225,5
0,0,1,0,0,0.961,0.095,0.825,0.081,11
-0.649,0,0.619,0.381,0,-0.987,0.075,0.829,0.096,5
-0.557,0,0.581,0.419,0,0,0,1,0,0
0,0,1,0,0,0.998,0.107,0.84,0.053,8
0.836,0.497,0.503,0,0,0.814,0.119,0.776,0.105,12
-0.226,0.17,0.593,0.237,0,0.994,0.079,0.879,0.043,12
0.077,0.14,0.86,0,0,0.994,0.067,0.904,0.029,5
0,0,1,0,0,0.991,0.099,0.845,0.056,3
0.542,0.333,0.667,0,0,-0.999,0.089,0.778,0.133,12
0.494,0.375,0.625,0,0,0.995,0.089,0.863,0.047,5
-0.34,0.238,0.41,0.352,0,1,0.192,0.765,0.043,2
0,0,1,0,0,0.966,0.073,0.872,0.055,3
0,0,1,0,0,-0.993,0.059,0.847,0.094,3
0,0,1,0,0,0,0,1,0,0
-0.751,0,0.556,0.444,0,-0.998,0.084,0.774,0.142,6
